<cc_char xscale='1' yscale='1' hxscale='1' hyscale='1' headdx='0' headdy='0'><color r="ccSkinColor" oc="0xFFE1C4">0xFFE1C4</color><color r="ccEyeLib">0x988986</color><color r="ccEyeIris">0x000000</color><color r="ccGlassesFrame">0xFF0000</color><color r="ccGlassesLens">0xFF0000</color><color r="ccMouthLip">0x423A36</color><color r="ccMustache">0x8B6F18</color><color r="ccBeard">0xC29B22</color><color r="ccEyebrow">0xA48569</color><color r="ccUpperMain" oc="0x336699">0x333333</color><color r="ccUpperMinor" oc="0xE5E5E5">0x333333</color><color r="ccLowerMain" oc="0xCCBC9A">0x191919</color><color r="ccLowerMinor" oc="0xEEEEEE">0x332299</color><color r="ccHairMajor">0x00FF00</color><color r="ccHairMinor">0xFFE1C4</color><color r="ccDecMajor" targetComponent="ID1409">0xC1BFB8</color><color r="ccDecMajor" targetComponent="ID7841">0xC1BFB8</color><component type="bodyshape" component_id="eve" theme_id="family" x="0" y="0" xscale="1" yscale="1" offset="0" rotation="0"/><component type="skeleton" component_id="eve_001" theme_id="family" x="0" y="0" xscale="1" yscale="1" offset="0" rotation="0"/><component type="lower_body" component_id="eve_a002" theme_id="family" x="0" y="0" xscale="0.9" yscale="0.9" offset="0" rotation="0"/><component type="upper_body" component_id="eve_a002" theme_id="family" x="0" y="0" xscale="0.9" yscale="0.9" offset="0" rotation="0"/><component type="faceshape" component_id="034" theme_id="family" x="0" y="-1" xscale="0.9" yscale="0.9" offset="0" rotation="0"/><component type="ear" component_id="002" theme_id="family" x="-4" y="-3" xscale="0.89" yscale="0.89" offset="0" rotation="4"/><component type="hair" component_id="094" theme_id="family" x="-1" y="-1" xscale="0.91" yscale="0.91" offset="0" rotation="0"/><component type="eyebrow" component_id="001" theme_id="family" x="0" y="6" xscale="0.66" yscale="0.66" offset="-1" rotation="3"/><component type="nose" component_id="029" theme_id="family" x="0" y="1" xscale="0.93" yscale="0.93" offset="0" rotation="2"/><component id="ID2092" type="facedecoration" component_id="013" theme_id="family" x="-2" y="-53" xscale="0.89" yscale="0.89" offset="0" rotation="177"/><component type="eye" component_id="104" theme_id="family" x="1" y="6" xscale="0.92" yscale="0.92" offset="-2" rotation="-9"/><component type="mouth" component_id="102" theme_id="family" x="-5" y="-5" xscale="0.53" yscale="0.53" offset="0" rotation="1"/><component id="ID7667" type="facedecoration" component_id="047" theme_id="family" x="17" y="0" xscale="0.71" yscale="0.71" offset="0" rotation="-37"/><component id="ID4716" type="facedecoration" component_id="045" theme_id="family" x="0" y="-15" xscale="0.48" yscale="0.48" offset="0" rotation="-1"/><component id="ID1409" type="facedecoration" component_id="032" theme_id="family" x="3" y="-4" xscale="0.58" yscale="0.58" offset="0" rotation="-2"/><component id="ID7841" type="facedecoration" component_id="032" theme_id="family" x="0" y="-1" xscale="0.85" yscale="0.85" offset="0" rotation="0"/><component id="ID6867" type="facedecoration" component_id="013" theme_id="family" x="-14" y="-47" xscale="0.68" yscale="0.68" offset="0" rotation="-166"/></cc_char>