<cc_char xscale='1' yscale='1' hxscale='1' hyscale='1' headdx='0' headdy='0'><color r="ccSkinColor" oc="0xFFE1C4">0xFFD49D</color><color r="ccEyeLib">0xFFD49D</color><color r="ccEyeIris">0x000000</color><color r="ccGlassesFrame">0xBE10B0</color><color r="ccGlassesLens">0x737373</color><color r="ccMouthLip">0x891258</color><color r="ccMustache">0x333333</color><color r="ccBeard">0xFFFFFF</color><color r="ccEyebrow">0x333333</color><color r="ccUpperMain" oc="0x336699">0x005AAF</color><color r="ccUpperMinor" oc="0xE5E5E5">0x00519C</color><color r="ccLowerMain" oc="0xCCBC9A">0x00519C</color><color r="ccLowerMinor" oc="0xEEEEEE">0x333333</color><color r="ccHairMajor">0x333333</color><color r="ccDecMajor" targetComponent="ID8003">0x005AAF</color><color r="ccDecMinor" targetComponent="ID8003">0x005AAF</color><color r="ccDecMajor" targetComponent="ID9673">0xFAFFA1</color><color r="ccDecMinor" targetComponent="ID9673">0xFAFFA1</color><color r="ccDecMajor" targetComponent="ID676">0x5E5F61</color><color r="ccDecMajor" targetComponent="ID5440">0x4D4B4D</color><color r="ccDecMajor" targetComponent="ID7456">0x005AAF</color><color r="ccDecMajor" targetComponent="ID7841">0x5E5F61</color><color r="ccDecMajor" targetComponent="ID3246">0x5E5F61</color><color r="ccDecMajor" targetComponent="ID6932">0x005AAF</color><color r="ccDecMajor" targetComponent="ID9424">0x005AAF</color><component type="bodyshape" component_id="adam" theme_id="family" x="0" y="0" xscale="1" yscale="1" offset="0" rotation="0"/><component type="skeleton" component_id="adam_001" theme_id="family" x="0" y="0" xscale="1" yscale="1" offset="0" rotation="0"/><component type="mouth" component_id="001" theme_id="family" x="-4" y="-5" xscale="0.92" yscale="0.92" offset="0" rotation="0"/><component type="eye" component_id="001" theme_id="family" x="0" y="0" xscale="1" yscale="1" offset="0" rotation="0"/><component type="nose" component_id="009" theme_id="family" x="-1" y="4" xscale="1.03" yscale="1.03" offset="0" rotation="1"/><component type="mustache" component_id="001" theme_id="family" x="-2" y="1" xscale="1.08" yscale="1.08" offset="0" rotation="-2"/><component type="hair" component_id="017" theme_id="family" x="0" y="0" xscale="1" yscale="1" offset="0" rotation="0"/><component type="ear" component_id="001" theme_id="family" x="-6" y="4" xscale="1.29" yscale="1.29" offset="0" rotation="0"/><component type="faceshape" component_id="002" theme_id="family" x="0" y="0" xscale="1.01" yscale="0.96" offset="0" rotation="0"/><component type="upper_body" component_id="adam_004" theme_id="family" x="0" y="0" xscale="1" yscale="1" offset="0" rotation="0"/><component type="lower_body" component_id="adam_001" theme_id="family" x="0" y="0" xscale="1" yscale="1" offset="0" rotation="0"/><component type="eyebrow" component_id="002" theme_id="family" x="0" y="0" xscale="1.05" yscale="1.05" offset="0" rotation="-14"/><component id="ID8003" type="facedecoration" component_id="027" theme_id="family" x="0" y="1" xscale="1.13" yscale="1.13" offset="0" rotation="3"/><component id="ID9673" type="facedecoration" component_id="009" theme_id="family" x="2" y="47" xscale="2.44" yscale="2.44" offset="0" rotation="8"/><component id="ID676" type="facedecoration" component_id="043" theme_id="family" x="-15" y="-1" xscale="1" yscale="1" offset="0" rotation="-9"/><component id="ID5440" type="facedecoration" component_id="043" theme_id="family" x="31" y="-80" xscale="0.77" yscale="0.77" offset="0" rotation="-165"/><component id="ID7456" type="facedecoration" component_id="010" theme_id="family" x="54" y="-57" xscale="1.17" yscale="1.17" offset="0" rotation="-145"/><component id="ID7841" type="facedecoration" component_id="001" theme_id="family" x="-43" y="-14" xscale="2.77" yscale="2.77" offset="0" rotation="18"/><component id="ID3246" type="facedecoration" component_id="001" theme_id="family" x="-21" y="-20" xscale="1.92" yscale="1.92" offset="0" rotation="0"/><component id="ID6932" type="facedecoration" component_id="005" theme_id="family" x="59" y="46" xscale="4.44" yscale="4.44" offset="0" rotation="-13"/><component id="ID8584" type="facedecoration" component_id="005" theme_id="family" x="7" y="-28" xscale="1.1" yscale="1.1" offset="0" rotation="4"/><component id="ID9424" type="facedecoration" component_id="005" theme_id="family" x="58" y="6" xscale="2.52" yscale="2.52" offset="0" rotation="-24"/></cc_char>