<cc_char xscale='1' yscale='1' hxscale='1' hyscale='1' headdx='0' headdy='0'><color r="ccSkinColor" oc="0xFFE1C4">0xEABF90</color><color r="ccEyeLib">0xEABF90</color><color r="ccEyeIris">0x000000</color><color r="ccGlassesFrame">0xBE10B0</color><color r="ccGlassesLens">0x737373</color><color r="ccMouthLip">0x891258</color><color r="ccMustache">0x333333</color><color r="ccBeard">0xFFFFFF</color><color r="ccEyebrow">0x333333</color><color r="ccUpperMain" oc="0x336699">0xFFFFFF</color><color r="ccUpperMinor" oc="0xE5E5E5">0x333333</color><color r="ccLowerMain" oc="0xCCBC9A">0x333333</color><color r="ccLowerMinor" oc="0xEEEEEE">0xFFFFFF</color><color r="ccHairMajor">0x333333</color><component type="bodyshape" component_id="adam" theme_id="family" x="0" y="0" xscale="1" yscale="1" offset="0" rotation="0"/><component type="skeleton" component_id="adam_001" theme_id="family" x="0" y="0" xscale="1" yscale="1" offset="0" rotation="0"/><component type="eyebrow" component_id="003" theme_id="family" x="-1" y="0" xscale="0.96" yscale="0.96" offset="-3" rotation="0"/><component type="nose" component_id="010" theme_id="family" x="1" y="0" xscale="0.97" yscale="0.97" offset="0" rotation="-1"/><component type="eye" component_id="004" theme_id="family" x="0" y="-2" xscale="0.68" yscale="0.68" offset="-5" rotation="0"/><component type="upper_body" component_id="adam_008" theme_id="family" x="0" y="0" xscale="1" yscale="1" offset="0" rotation="0"/><component type="mouth" component_id="002" theme_id="family" x="-2" y="-2" xscale="1" yscale="1" offset="0" rotation="0"/><component type="mustache" component_id="002" theme_id="family" x="-3" y="1" xscale="0.96" yscale="0.96" offset="0" rotation="-1"/><component type="ear" component_id="001" theme_id="family" x="-3" y="-1" xscale="1.04" yscale="1.04" offset="0" rotation="-1"/><component type="hair" component_id="063" theme_id="family" x="1" y="-3" xscale="0.94" yscale="0.94" offset="0" rotation="-2"/><component type="faceshape" component_id="019" theme_id="family" x="0" y="-2" xscale="0.96" yscale="0.96" offset="0" rotation="-1"/><component id="ID3648" type="facedecoration" component_id="031" theme_id="family" x="5" y="12" xscale="1.05" yscale="1.05" offset="0" rotation="-9"/><component type="lower_body" component_id="adam_008" theme_id="family" x="0" y="0" xscale="1" yscale="1" offset="0" rotation="0"/></cc_char>