<cc_char xscale='1' yscale='1' hxscale='1' hyscale='1' headdx='1' headdy='0'><color r="ccSkinColor" oc="0xFFE1C4">0xFFCE95</color><color r="ccEyeLib">0x996666</color><color r="ccEyeIris">0x000000</color><color r="ccGlassesFrame">0xBE10B0</color><color r="ccGlassesLens">0x737373</color><color r="ccMouthLip">0x891258</color><color r="ccMustache">0x000000</color><color r="ccBeard">0xFFFFFF</color><color r="ccEyebrow">0x000000</color><color r="ccHairMajor">0xDB3642</color><color r="ccHairMinor">0xFFCE95</color><color r="ccUpperMain" oc="0x336699">0x222222</color><color r="ccUpperMinor" oc="0xE5E5E5">0x000033</color><color r="ccLowerMain" oc="0xCCBC9A">0x111111</color><color r="ccLowerMinor" oc="0xEEEEEE">0x222222</color><color r="ccDecMajor" targetComponent="ID7982">0xC1BFB8</color><color r="ccDecMajor" targetComponent="ID3432">0xC1BFB8</color><color r="ccDecMajor" targetComponent="ID2338">0xFFFFFF</color><color r="ccDecMajor" targetComponent="ID9359">0x330033</color><color r="ccDecMajor" targetComponent="ID1556">0x330033</color><component type="bodyshape" component_id="adam" theme_id="family" x="0" y="0" xscale="1" yscale="1" offset="0" rotation="0"/><component type="skeleton" component_id="adam_001" theme_id="family" x="0" y="0" xscale="1" yscale="1" offset="0" rotation="0"/><component type="upper_body" component_id="adam_017" theme_id="family" x="0" y="0" xscale="1" yscale="1" offset="0" rotation="0"/><component type="lower_body" component_id="adam_014" theme_id="family" x="0" y="0" xscale="1" yscale="1" offset="0" rotation="0"/><component type="faceshape" component_id="014" theme_id="family" x="-8" y="-1" xscale="0.98" yscale="1" offset="0" rotation="10"/><component type="hair" component_id="093" theme_id="family" x="-2" y="-1" xscale="1" yscale="1" offset="0" rotation="0"/><component type="eye" component_id="004" theme_id="family" x="-4" y="0" xscale="1.06" yscale="0.97" offset="-1" rotation="0"/><component type="eyebrow" component_id="109" theme_id="family" x="-4" y="-1" xscale="0.88" yscale="1" offset="-3" rotation="0"/><component type="nose" component_id="019" theme_id="family" x="-7" y="1" xscale="1" yscale="1" offset="0" rotation="3"/><component type="mouth" component_id="002" theme_id="family" x="-4" y="-2" xscale="1.34" yscale="0.8" offset="0" rotation="6"/><component type="ear" component_id="001" theme_id="family" x="-3" y="-6" xscale="1" yscale="1" offset="0" rotation="7"/><component id="ID7982" type="facedecoration" component_id="032" theme_id="family" x="3" y="-10" xscale="0.8" yscale="0.44" offset="0" rotation="0"/><component id="ID3432" type="facedecoration" component_id="032" theme_id="family" x="16" y="-8" xscale="0.49" yscale="0.49" offset="0" rotation="-9"/><component id="ID2338" type="facedecoration" component_id="032" theme_id="family" x="20" y="-5" xscale="0.54" yscale="0.44" offset="0" rotation="-29"/><component id="ID2782" type="facedecoration" component_id="045" theme_id="family" x="-12" y="-24" xscale="0.58" yscale="0.59" offset="0" rotation="4"/><component id="ID9359" type="facedecoration" component_id="013" theme_id="family" x="-5" y="-1" xscale="1" yscale="1" offset="0" rotation="0"/><component id="ID1556" type="facedecoration" component_id="013" theme_id="family" x="-30" y="-14" xscale="0.67" yscale="0.51" offset="0" rotation="19"/><component id="ID9792" type="facedecoration" component_id="001" theme_id="family" x="-74" y="76" xscale="6.17" yscale="6.17" offset="0" rotation="0"/><component id="ID9855" type="facedecoration" component_id="006" theme_id="family" x="-13" y="-62" xscale="1.54" yscale="1.54" offset="0" rotation="170"/><component id="ID789" type="facedecoration" component_id="006" theme_id="family" x="6" y="-58" xscale="1.89" yscale="1.89" offset="0" rotation="147"/><component id="ID5478" type="facedecoration" component_id="044" theme_id="family" x="29" y="-29" xscale="0.72" yscale="0.72" offset="0" rotation="-149"/><component id="ID5724" type="facedecoration" component_id="047" theme_id="family" x="0" y="-20" xscale="0.77" yscale="0.77" offset="0" rotation="-39"/><component id="ID5973" type="facedecoration" component_id="003" theme_id="family" x="-3" y="11" xscale="1" yscale="1" offset="0" rotation="1"/></cc_char>