<cc_char xscale='1' yscale='1' hxscale='1' hyscale='1' headdx='0' headdy='0'><color r="ccSkinColor" oc="0xFFE1C4">0xCA9050</color><color r="ccEyeLib">0xCA9050</color><color r="ccEyeIris">0x000000</color><color r="ccGlassesFrame">0x000000</color><color r="ccGlassesLens">0x000000</color><color r="ccMouthLip">0xCA5F30</color><color r="ccMustache">0x000000</color><color r="ccBeard">0xFFFFFF</color><color r="ccEyebrow">0x663300</color><color r="ccUpperMain" oc="0x336699">0x222222</color><color r="ccUpperMinor" oc="0xE5E5E5">0x428247</color><color r="ccLowerMain" oc="0xCCBC9A">0x222222</color><color r="ccLowerMinor" oc="0xEEEEEE">0x428247</color><color r="ccDecMajor" targetComponent="ID1933">0x428247</color><color r="ccDecMajor" targetComponent="ID349">0xFFCC00</color><color r="ccHairMajor">0x222222</color><component type="bodyshape" component_id="rocky" theme_id="family" x="0" y="0" xscale="1" yscale="1" offset="0" rotation="0"/><component type="skeleton" component_id="rocky_001" theme_id="family" x="0" y="0" xscale="1" yscale="1" offset="0" rotation="0"/><component type="upper_body" component_id="rocky_a005" theme_id="family" x="0" y="0" xscale="1" yscale="1" offset="0" rotation="0"/><component type="lower_body" component_id="rocky_a005" theme_id="family" x="0" y="0" xscale="1" yscale="1" offset="0" rotation="0"/><component type="faceshape" component_id="020" theme_id="family" x="0" y="0" xscale="0.97" yscale="0.93" offset="0" rotation="-2"/><component type="mouth" component_id="002" theme_id="family" x="-6" y="1" xscale="0.73" yscale="0.73" offset="0" rotation="6"/><component type="hair" component_id="097" theme_id="family" x="0" y="0" xscale="1" yscale="1" offset="0" rotation="0"/><component id="ID1933" type="facedecoration" component_id="053" theme_id="family" x="0" y="0" xscale="0.96" yscale="0.96" offset="0" rotation="0"/><component id="ID5587" type="facedecoration" component_id="053" theme_id="family" x="-9" y="-11" xscale="0.57" yscale="0.57" offset="0" rotation="-84"/><component id="ID5761" type="facedecoration" component_id="053" theme_id="family" x="13" y="-13" xscale="0.61" yscale="0.61" offset="0" rotation="-97"/><component type="mustache" component_id="006" theme_id="family" x="-10" y="-4" xscale="0.34" yscale="0.34" offset="0" rotation="0"/><component id="ID9857" type="facedecoration" component_id="007" theme_id="family" x="0" y="-8" xscale="0.82" yscale="0.82" offset="0" rotation="-103"/><component id="ID349" type="facedecoration" component_id="009" theme_id="family" x="20" y="-8" xscale="1.01" yscale="1.01" offset="0" rotation="-31"/></cc_char>