<cc_char xscale='1' yscale='1' hxscale='1' hyscale='1' headdx='0' headdy='4'><color r="ccSkinColor" oc="0xFFE1C4">0xFFCE95</color><color r="ccEyeLib">0xFFCE95</color><color r="ccEyeIris">0x000000</color><color r="ccGlassesFrame">0x000000</color><color r="ccGlassesLens">0x846116</color><color r="ccMouthLip">0xCA8730</color><color r="ccMustache">0x360202</color><color r="ccBeard">0xAA7048</color><color r="ccEyebrow">0xAA7048</color><color r="ccUpperMain" oc="0x336699">0x723D1B</color><color r="ccUpperMinor" oc="0xE5E5E5">0xDCA375</color><color r="ccLowerMain" oc="0xCCBC9A">0xDCA375</color><color r="ccLowerMinor" oc="0xEEEEEE">0x723D1B</color><color r="ccDecMajor" targetComponent="ID4956">0x723D1B</color><color r="ccHairMajor">0xAA7048</color><component type="bodyshape" component_id="bob" theme_id="family" x="0" y="0" xscale="1" yscale="1" offset="0" rotation="0"/><component type="skeleton" component_id="bob_001" theme_id="family" x="0" y="0" xscale="1" yscale="1" offset="0" rotation="0"/><component type="eye" component_id="007" theme_id="family" x="0" y="-4" xscale="0.98" yscale="0.98" offset="0" rotation="0"/><component type="nose" component_id="001" theme_id="family" x="0" y="-4" xscale="1" yscale="1" offset="0" rotation="0"/><component type="mouth" component_id="003" theme_id="family" x="-1" y="-9" xscale="0.89" yscale="0.89" offset="0" rotation="-7"/><component type="faceshape" component_id="001" theme_id="family" x="0" y="-3" xscale="1.01" yscale="1.01" offset="0" rotation="0"/><component type="ear" component_id="001" theme_id="family" x="-5" y="-3" xscale="1.17" yscale="1.17" offset="0" rotation="-2"/><component type="beard" component_id="007" theme_id="family" x="0" y="-4" xscale="1" yscale="1" offset="0" rotation="0"/><component type="upper_body" component_id="bob_006" theme_id="family" x="0" y="0" xscale="1" yscale="1" offset="0" rotation="0"/><component type="lower_body" component_id="bob_002" theme_id="family" x="0" y="0" xscale="1" yscale="1" offset="0" rotation="0"/><component id="ID4956" type="facedecoration" component_id="017" theme_id="family" x="0" y="0" xscale="1" yscale="1" offset="0" rotation="0"/><component type="hair" component_id="027" theme_id="family" x="1" y="-4" xscale="1" yscale="1" offset="0" rotation="0"/><component type="eyebrow" component_id="003" theme_id="family" x="-1" y="-4" xscale="1" yscale="1" offset="0" rotation="0"/></cc_char>