<?xml version="1.0" encoding="utf-8"?><cc_char xscale='1' yscale='1' hxscale='1' hyscale='1' headdx='0' headdy='0'><color r="ccSkinColor" oc="0xFFE1C4">0xFFCE95</color><color r="ccEyeLib">0xFFCE95</color><color r="ccEyeIris">0x000000</color><color r="ccGlassesFrame">0x333333</color><color r="ccGlassesLens">0x737373</color><color r="ccMouthLip">0x891258</color><color r="ccMustache">0x000000</color><color r="ccBeard">0xC1BFB8</color><color r="ccEyebrow">0xC1BFB8</color><color r="ccUpperMain" oc="0x336699">0x669999</color><color r="ccUpperMinor" oc="0xE5E5E5">0xFFFFFF</color><color r="ccLowerMain" oc="0xCCBC9A">0xCC9966</color><color r="ccLowerMinor" oc="0xEEEEEE">0xFFFFFF</color><color r="ccHairMajor">0xC1BFB8</color><component type="bodyshape" component_id="adam" theme_id="family" x="0" y="0" xscale="1" yscale="1" offset="0" rotation="0"/><component type="skeleton" component_id="adam_001" theme_id="family" x="0" y="0" xscale="1" yscale="1" offset="0" rotation="0"/><component type="upper_body" component_id="adam_a008" theme_id="family" x="0" y="0" xscale="1" yscale="1" offset="0" rotation="0"/><component type="faceshape" component_id="002" theme_id="family" x="0" y="0" xscale="1" yscale="1" offset="0" rotation="0"/><component type="hair" component_id="020" theme_id="family" x="-1" y="0" xscale="1" yscale="1" offset="0" rotation="0"/><component type="eye" component_id="007" theme_id="family" x="0" y="0" xscale="1" yscale="1" offset="0" rotation="-6"/><component type="eyebrow" component_id="005" theme_id="family" x="0" y="-3" xscale="1" yscale="1" offset="0" rotation="0"/><component type="nose" component_id="020" theme_id="family" x="-2" y="3" xscale="1" yscale="1" offset="0" rotation="0"/><component type="beard" component_id="001" theme_id="family" x="-1" y="-1" xscale="0.93" yscale="1" offset="0" rotation="4"/><component type="mouth" component_id="001" theme_id="family" x="0" y="0" xscale="1" yscale="1" offset="0" rotation="0"/><component type="ear" component_id="003" theme_id="family" x="0" y="-1" xscale="1" yscale="1" offset="0" rotation="0"/><component id="ID8490" type="facedecoration" component_id="015" theme_id="family" x="-11" y="-40" xscale="1" yscale="1" offset="0" rotation="0"/><component id="ID1547" type="facedecoration" component_id="015" theme_id="family" x="25" y="-34" xscale="1" yscale="1" offset="0" rotation="-34"/><component type="lower_body" component_id="adam_003" theme_id="family" x="0" y="0" xscale="1" yscale="1" offset="0" rotation="0"/></cc_char>