<?xml version="1.0" encoding="utf-8"?><cc_char xscale='1' yscale='1' hxscale='1' hyscale='1' headdx='0' headdy='0'><color r="ccSkinColor" oc="0xFFE1C4">0xFFCE95</color><color r="ccEyeLib">0x996666</color><color r="ccEyeIris">0x0000FF</color><color r="ccGlassesFrame">0xFF0000</color><color r="ccGlassesLens">0xFF0000</color><color r="ccMouthLip">0xFF0000</color><color r="ccMustache">0x8B6F18</color><color r="ccBeard">0xC29B22</color><color r="ccEyebrow">0x000000</color><color r="ccUpperMain" oc="0x336699">0xFFFFFF</color><color r="ccUpperMinor" oc="0xE5E5E5">0xF31E1E</color><color r="ccLowerMain" oc="0xCCBC9A">0xFFFFFF</color><color r="ccLowerMinor" oc="0xEEEEEE">0x0000FF</color><color r="ccHairMajor">0x8F1E1E</color><color r="ccDecMajor" targetComponent="ID253">0x8F1E1E</color><color r="ccDecMajor" targetComponent="ID7467">0xF31E1E</color><color r="ccDecMajor" targetComponent="ID5039">0xF31E1E</color><component type="bodyshape" component_id="eve" theme_id="family" x="0" y="0" xscale="1" yscale="1" offset="0" rotation="0"/><component type="skeleton" component_id="eve_001" theme_id="family" x="0" y="0" xscale="1" yscale="1" offset="0" rotation="0"/><component type="mouth" component_id="101" theme_id="family" x="0" y="0" xscale="0.9" yscale="0.9" offset="0" rotation="0"/><component type="faceshape" component_id="034" theme_id="family" x="0" y="1" xscale="0.99" yscale="0.95" offset="0" rotation="0"/><component type="eye" component_id="102" theme_id="family" x="1" y="5" xscale="0.9" yscale="0.9" offset="-1" rotation="0"/><component type="eyebrow" component_id="108" theme_id="family" x="0" y="6" xscale="0.9" yscale="0.9" offset="0" rotation="0"/><component type="nose" component_id="014" theme_id="family" x="-2" y="0" xscale="0.9" yscale="0.9" offset="0" rotation="0"/><component type="upper_body" component_id="eve_a003" theme_id="family" x="0" y="0" xscale="0.9" yscale="0.9" offset="0" rotation="0"/><component type="lower_body" component_id="eve_a002" theme_id="family" x="0" y="0" xscale="0.9" yscale="0.9" offset="0" rotation="0"/><component type="hair" component_id="054" theme_id="family" x="-1" y="3" xscale="0.95" yscale="0.95" offset="0" rotation="0"/><component id="ID7496" type="facedecoration" component_id="014" theme_id="family" x="0" y="0" xscale="0.9" yscale="0.9" offset="0" rotation="0"/><component id="ID2143" type="facedecoration" component_id="013" theme_id="family" x="0" y="-58" xscale="0.9" yscale="0.9" offset="0" rotation="-180"/><component id="ID7853" type="facedecoration" component_id="013" theme_id="family" x="-19" y="-58" xscale="0.9" yscale="0.9" offset="0" rotation="-180"/><component id="ID253" type="facedecoration" component_id="042" theme_id="family" x="0" y="0" xscale="0.9" yscale="0.9" offset="0" rotation="0"/><component id="ID7467" type="facedecoration" component_id="038" theme_id="family" x="0" y="0" xscale="0.9" yscale="0.9" offset="0" rotation="0"/><component id="ID5039" type="facedecoration" component_id="009" theme_id="family" x="-1" y="5" xscale="0.9" yscale="0.9" offset="0" rotation="0"/><component type="ear" component_id="001" theme_id="family" x="-2" y="0" xscale="0.9" yscale="0.9" offset="0" rotation="0"/></cc_char>