<?xml version="1.0" encoding="utf-8"?><cc_char xscale='1' yscale='1' hxscale='1' hyscale='1' headdx='0' headdy='0'><color r="ccSkinColor">0xE2C294</color><color r="ccEyeLib">0xBD8764</color><color r="ccEyeIris">0x229188</color><color r="ccGlassesFrame">0x000000</color><color r="ccGlassesLens">0x737373</color><color r="ccMouthLip">0xB7796A</color><color r="ccEyebrow">0x000000</color><color r="ccBackMajor">0x000000</color><color r="ccBackMinor">0x000000</color><color r="ccHairMajor">0x8E0D0D</color><color r="ccUpperMain">0x5B88B5</color><color r="ccUpperMinor">0x4D525E</color><color r="ccLowerMain">0xB72A55</color><color r="ccDecMajor" targetComponent="ID452">0xEC9EC5</color><component type="bodyshape" component_id="default" theme_id="cc2" x="0" y="0" xscale="1" yscale="1" offset="0" rotation="0"/><component type="freeaction" component_id="default" theme_id="cc2" x="0" y="0" xscale="1" yscale="1" offset="0" rotation="0"/><component type="eye" component_id="011" theme_id="cc2" x="0" y="0" xscale="0.91" yscale="0.81" offset="0" rotation="0"/><component type="eyebrow" component_id="001" theme_id="cc2" x="0" y="0" xscale="1" yscale="1" offset="0" rotation="0"/><component type="nose" component_id="002" theme_id="cc2" x="0" y="0" xscale="1" yscale="1" offset="0" rotation="0"/><component type="faceshape" component_id="001" theme_id="cc2" x="0" y="0" xscale="1" yscale="1" offset="0" rotation="0"/><component type="hair" component_id="087" theme_id="cc2" x="-4" y="0" xscale="0.96" yscale="0.96" offset="0" rotation="5"/><component type="mouth" component_id="001" theme_id="cc2" x="-1" y="0" xscale="0.9" yscale="0.9" offset="0" rotation="0"/><component type="glasses" component_id="005" theme_id="cc2" x="1" y="0" xscale="0.79" yscale="0.79" offset="0" rotation="0"/><component id="ID452" type="facedecoration" component_id="1007" theme_id="cc2" x="0" y="0" xscale="1" yscale="1" offset="0" rotation="0"/><library type="GoUpper" component_id="059" theme_id="cc2"/><library type="GoLower" component_id="017" theme_id="cc2"/><library type="GoHands" component_id="002" theme_id="cc2"/></cc_char>