<?xml version="1.0" encoding="utf-8"?><cc_char xscale='1' yscale='1' hxscale='1' hyscale='1' headdx='0' headdy='0'><color r="ccSkinColor" oc="0xFFE1C4">0xCFD2D7</color><color r="ccEyeLib">0xCFD2D7</color><color r="ccEyeIris">0xD14000</color><color r="ccGlassesFrame">0x000000</color><color r="ccGlassesLens">0x000000</color><color r="ccMouthLip">0xD9AA6D</color><color r="ccMustache">0x8B6F18</color><color r="ccBeard">0x3D2100</color><color r="ccEyebrow">0x000000</color><color r="ccUpperMain" oc="0x336699">0xC8C9C5</color><color r="ccUpperMinor" oc="0xE5E5E5">0x898A84</color><color r="ccLowerMain" oc="0xCCBC9A">0xC8C9C5</color><color r="ccLowerMinor" oc="0xEEEEEE">0x898A84</color><color r="ccHairMajor">0x3D2100</color><color r="ccDecMajor" targetComponent="ID2129">0x3D2100</color><color r="ccDecMajor" targetComponent="ID1604">0x3D2100</color><color r="ccDecMajor" targetComponent="ID8231">0x000000</color><color r="ccDecMajor" targetComponent="ID7456">0xFFFFFF</color><color r="ccDecMajor" targetComponent="ID4101">0xCFD2D7</color><color r="ccDecMajor" targetComponent="ID5256">0x000000</color><color r="ccDecMajor" targetComponent="ID9759">0x000000</color><color r="ccDecMinor" targetComponent="ID9759">0xC29B22</color><color r="ccDecMajor" targetComponent="ID7782">0xD14000</color><component type="bodyshape" component_id="eve" theme_id="family" x="0" y="0" xscale="1" yscale="1" offset="0" rotation="0"/><component type="skeleton" component_id="eve_001" theme_id="family" x="0" y="0" xscale="1" yscale="1" offset="0" rotation="0"/><component type="faceshape" component_id="034" theme_id="family" x="0" y="1" xscale="0.99" yscale="0.95" offset="0" rotation="0"/><component type="hair" component_id="056" theme_id="family" x="-1" y="3" xscale="0.95" yscale="0.95" offset="0" rotation="0"/><component type="beard" component_id="001" theme_id="family" x="-9" y="-55" xscale="0.9" yscale="0.9" offset="0" rotation="0"/><component type="eye" component_id="102" theme_id="family" x="0" y="5" xscale="0.84" yscale="0.9" offset="0" rotation="0"/><component type="mouth" component_id="009" theme_id="family" x="0" y="0" xscale="0.9" yscale="0.9" offset="0" rotation="0"/><component type="eyebrow" component_id="109" theme_id="family" x="0" y="6" xscale="0.9" yscale="0.9" offset="0" rotation="0"/><component type="glasses" component_id="001" theme_id="family" x="0" y="4" xscale="0.9" yscale="0.9" offset="0" rotation="0"/><component type="upper_body" component_id="eve_a002" theme_id="family" x="0" y="0" xscale="0.9" yscale="0.9" offset="0" rotation="0"/><component type="lower_body" component_id="eve_a002" theme_id="family" x="0" y="0" xscale="0.9" yscale="0.9" offset="0" rotation="0"/><component id="ID2129" type="facedecoration" component_id="043" theme_id="family" x="-30" y="-5" xscale="0.9" yscale="0.9" offset="0" rotation="73"/><component id="ID1604" type="facedecoration" component_id="043" theme_id="family" x="-30" y="19" xscale="0.9" yscale="0.9" offset="0" rotation="80"/><component id="ID8231" type="facedecoration" component_id="072" theme_id="family" x="-12" y="-17" xscale="1.09" yscale="1.09" offset="0" rotation="0"/><component id="ID7456" type="facedecoration" component_id="015" theme_id="family" x="-16" y="-1" xscale="0.8" yscale="0.8" offset="0" rotation="0"/><component id="ID4101" type="facedecoration" component_id="042" theme_id="family" x="0" y="0" xscale="0.9" yscale="0.9" offset="0" rotation="0"/><component id="ID5256" type="facedecoration" component_id="041" theme_id="family" x="0" y="0" xscale="0.9" yscale="0.9" offset="0" rotation="0"/><component id="ID3629" type="facedecoration" component_id="003" theme_id="family" x="-11" y="16" xscale="0.9" yscale="0.9" offset="0" rotation="10"/><component id="ID2651" type="facedecoration" component_id="003" theme_id="family" x="-12" y="10" xscale="0.9" yscale="0.9" offset="0" rotation="9"/><component id="ID9759" type="facedecoration" component_id="012" theme_id="family" x="-28" y="75" xscale="0.9" yscale="0.9" offset="0" rotation="0"/><component id="ID2195" type="facedecoration" component_id="059" theme_id="family" x="0" y="0" xscale="0.9" yscale="0.9" offset="0" rotation="0"/><component id="ID7782" type="facedecoration" component_id="009" theme_id="family" x="6" y="13" xscale="0.9" yscale="0.9" offset="0" rotation="0"/></cc_char>