<?xml version="1.0" encoding="utf-8"?><cc_char xscale='1' yscale='1' hxscale='1' hyscale='1' headdx='0' headdy='0'><color r="ccSkinColor" oc="0xFFE1C4">0xFFCE95</color><color r="ccEyeLib">0xFFCE95</color><color r="ccEyeIris">0x000000</color><color r="ccGlassesFrame">0xBE10B0</color><color r="ccGlassesLens">0x737373</color><color r="ccMouthLip">0x891258</color><color r="ccMustache">0x000000</color><color r="ccBeard">0xFFFFFF</color><color r="ccEyebrow">0x000000</color><color r="ccHairMajor">0x996633</color><color r="ccHairMinor">0x640F0F</color><color r="ccUpperMain" oc="0x336699">0x12AF00</color><color r="ccUpperMinor" oc="0xE5E5E5">0x0026FF</color><color r="ccLowerMain" oc="0xCCBC9A">0xFF0000</color><color r="ccLowerMinor" oc="0xEEEEEE">0xFFFFFF</color><color r="ccDecMajor" targetComponent="ID4688">0xFFCE95</color><color r="ccDecMajor" targetComponent="ID483">0xFFCE95</color><component type="bodyshape" component_id="adam" theme_id="family" x="0" y="0" xscale="1" yscale="1" offset="0" rotation="0"/><component type="skeleton" component_id="adam_001" theme_id="family" x="0" y="0" xscale="1" yscale="1" offset="0" rotation="0"/><component type="faceshape" component_id="001" theme_id="family" x="0" y="0" xscale="1" yscale="1" offset="0" rotation="0"/><component type="mouth" component_id="201" theme_id="family" x="0" y="0" xscale="1" yscale="1" offset="0" rotation="0"/><component type="upper_body" component_id="adam_002" theme_id="family" x="0" y="0" xscale="1" yscale="1" offset="0" rotation="0"/><component type="eyebrow" component_id="001" theme_id="family" x="0" y="0" xscale="1" yscale="1" offset="0" rotation="0"/><component id="ID4688" type="facedecoration" component_id="072" theme_id="family" x="16" y="-68" xscale="1.64" yscale="1.64" offset="0" rotation="82"/><component id="ID3616" type="facedecoration" component_id="072" theme_id="family" x="16" y="-68" xscale="1.05" yscale="1.05" offset="0" rotation="81"/><component id="ID483" type="facedecoration" component_id="072" theme_id="family" x="-7" y="-68" xscale="1.59" yscale="1.59" offset="0" rotation="81"/><component id="ID2769" type="facedecoration" component_id="072" theme_id="family" x="-7" y="-68" xscale="1.05" yscale="1.05" offset="0" rotation="80"/><component type="nose" component_id="025" theme_id="family" x="1" y="0" xscale="0.98" yscale="0.98" offset="0" rotation="0"/><component type="eye" component_id="001" theme_id="family" x="0" y="0" xscale="0.72" yscale="0.72" offset="0" rotation="0"/><component type="lower_body" component_id="adam_007" theme_id="family" x="0" y="0" xscale="1" yscale="1" offset="0" rotation="0"/></cc_char>