<?xml version="1.0" encoding="utf-8"?><cc_char xscale='1' yscale='1' hxscale='1' hyscale='1' headdx='0' headdy='0'><color r="ccSkinColor" oc="0xFFE1C4">0x9A4200</color><color r="ccEyeLib">0x9A4200</color><color r="ccEyeIris">0x423105</color><color r="ccGlassesFrame">0xBE10B0</color><color r="ccGlassesLens">0x737373</color><color r="ccMouthLip">0x891212</color><color r="ccMustache">0x000000</color><color r="ccBeard">0x640F0F</color><color r="ccEyebrow">0x000000</color><color r="ccUpperMain" oc="0x336699">0x01CD29</color><color r="ccUpperMinor" oc="0xE5E5E5">0x0B00A8</color><color r="ccLowerMain" oc="0xCCBC9A">0x0B3573</color><color r="ccLowerMinor" oc="0xEEEEEE">0x116BA4</color><color r="ccHairMajor">0x000000</color><color r="ccDecMajor" targetComponent="ID3957">0x002BAF</color><color r="ccDecMajor" targetComponent="ID6990">0x000000</color><color r="ccDecMajor" targetComponent="ID6402">0x00228C</color><color r="ccDecMajor" targetComponent="ID4416">0x1C008C</color><component type="bodyshape" component_id="adam" theme_id="family" x="0" y="0" xscale="1" yscale="1" offset="0" rotation="0"/><component type="skeleton" component_id="adam_001" theme_id="family" x="0" y="0" xscale="1" yscale="1" offset="0" rotation="0"/><component type="upper_body" component_id="adam_002" theme_id="family" x="0" y="0" xscale="1" yscale="1" offset="0" rotation="0"/><component type="lower_body" component_id="adam_007" theme_id="family" x="0" y="0" xscale="1" yscale="1" offset="0" rotation="0"/><component type="hair" component_id="006b" theme_id="family" x="5" y="-10" xscale="0.96" yscale="0.96" offset="0" rotation="-1"/><component type="faceshape" component_id="001" theme_id="family" x="0" y="0" xscale="1" yscale="1" offset="0" rotation="0"/><component type="mouth" component_id="001" theme_id="family" x="0" y="0" xscale="1" yscale="1" offset="0" rotation="0"/><component type="ear" component_id="006" theme_id="family" x="0" y="0" xscale="1" yscale="1" offset="0" rotation="0"/><component type="eye" component_id="001" theme_id="family" x="0" y="0" xscale="1" yscale="1" offset="0" rotation="0"/><component type="nose" component_id="001" theme_id="family" x="0" y="0" xscale="1" yscale="1" offset="0" rotation="0"/><component type="eyebrow" component_id="003" theme_id="family" x="0" y="0" xscale="1" yscale="1" offset="0" rotation="0"/><component id="ID3957" type="facedecoration" component_id="011a" theme_id="family" x="23" y="-29" xscale="1" yscale="1" offset="0" rotation="0"/><component id="ID6990" type="facedecoration" component_id="072" theme_id="family" x="31" y="-72" xscale="2.34" yscale="2.34" offset="0" rotation="28"/><component id="ID6402" type="facedecoration" component_id="043" theme_id="family" x="34" y="-73" xscale="0.37" yscale="0.37" offset="0" rotation="26"/><component id="ID4416" type="facedecoration" component_id="043" theme_id="family" x="65" y="-91" xscale="0.34" yscale="0.34" offset="0" rotation="-64"/></cc_char>