<?xml version="1.0" encoding="utf-8"?><cc_char xscale='1' yscale='1' hxscale='1' hyscale='1' headdx='0' headdy='0'><color r="ccSkinColor">0x0A02FF</color><color r="ccEyeLib">0xBD8764</color><color r="ccEyeIris">0x003333</color><color r="ccGlassesFrame">0xBE10B0</color><color r="ccGlassesLens">0x737373</color><color r="ccMouthLip">0xB7796A</color><color r="ccEyebrow">0x000000</color><color r="ccBackMajor">0x0A02FF</color><color r="ccBackMinor">0xFC100B</color><color r="ccDecMajor" targetComponent="ID4471">0xC32E2B</color><component type="bodyshape" component_id="default" theme_id="cc2" x="0" y="0" xscale="1" yscale="1" offset="0" rotation="0"/><component type="freeaction" component_id="default" theme_id="cc2" x="0" y="0" xscale="1" yscale="1" offset="0" rotation="0"/><component type="faceshape" component_id="1001" theme_id="cc2" x="0" y="13" xscale="1.03" yscale="1.03" offset="0" rotation="0"/><component type="hair" component_id="1003" theme_id="cc2" x="0" y="28" xscale="1.22" yscale="1.22" offset="0" rotation="0"/><component type="eye" component_id="1001" theme_id="cc2" x="3" y="5" xscale="1.47" yscale="1.47" offset="10" rotation="0"/><component type="eyebrow" component_id="001" theme_id="cc2" x="1" y="-3" xscale="1.19" yscale="1.19" offset="10" rotation="-12"/><component type="mouth" component_id="1005" theme_id="cc2" x="-4" y="18" xscale="1" yscale="1" offset="0" rotation="1"/><component type="nose" component_id="1001" theme_id="cc2" x="11" y="13" xscale="1" yscale="1" offset="0" rotation="0"/><component id="ID4471" type="facedecoration" component_id="091" theme_id="cc2" x="0" y="-15" xscale="1" yscale="1" offset="0" rotation="0"/><library type="GoHands" component_id="1001" theme_id="cc2"/><library type="GoBehindBody" component_id="006" theme_id="cc2"/><library type="GoLower" component_id="1002" theme_id="cc2"/><library type="GoUpper" component_id="1001" theme_id="cc2"/></cc_char>