<?xml version="1.0" encoding="utf-8"?><cc_char xscale='1' yscale='1' hxscale='1' hyscale='1' headdx='0' headdy='0'><color r="ccSkinColor">0xFFFFFF</color><color r="ccEyeLib">0xBD8764</color><color r="ccEyeIris">0x003333</color><color r="ccGlassesFrame">0x2BAD0E</color><color r="ccGlassesLens">0x8BFF2C</color><color r="ccMouthLip">0xB7796A</color><color r="ccEyebrow">0x421D0B</color><color r="ccBackMajor">0xFCFCFC</color><color r="ccDecMajor" targetComponent="ID6222">0xFCFCFC</color><color r="ccDecMinor" targetComponent="ID6222">0x57BDFF</color><color r="ccDecMajor" targetComponent="ID121">0xFCFCFC</color><color r="ccDecMajor" targetComponent="ID8584">0xFFFFFF</color><color r="ccDecMajor" targetComponent="ID981">0x000000</color><color r="ccDecMajor" targetComponent="ID7508">0x000000</color><color r="ccDecMajor" targetComponent="ID5276">0xFFFFFF</color><color r="ccDecMajor" targetComponent="ID1523">0xFFFFFF</color><color r="ccDecMajor" targetComponent="ID5807">0xFFFFFF</color><color r="ccDecMajor" targetComponent="ID4407">0xFFFFFF</color><color r="ccDecMajor" targetComponent="ID9922">0xFFFFFF</color><color r="ccDecMajor" targetComponent="ID1605">0xFFFFFF</color><color r="ccHandMain">0xB6B6B6</color><component type="bodyshape" component_id="default" theme_id="cc2" x="0" y="0" xscale="1" yscale="1" offset="0" rotation="0"/><component type="freeaction" component_id="default" theme_id="cc2" x="0" y="0" xscale="1" yscale="1" offset="0" rotation="0"/><component type="faceshape" component_id="003" theme_id="cc2" x="0" y="0" xscale="1" yscale="1" offset="0" rotation="0"/><component type="nose" component_id="1002" theme_id="cc2" x="4" y="9" xscale="1" yscale="1" offset="0" rotation="0"/><component id="ID6222" type="facedecoration" component_id="017" theme_id="cc2" x="2" y="2" xscale="0.82" yscale="0.82" offset="0" rotation="0"/><component id="ID121" type="facedecoration" component_id="1004" theme_id="cc2" x="18" y="-57" xscale="0.6" yscale="0.6" offset="0" rotation="-180"/><component id="ID8584" type="facedecoration" component_id="032" theme_id="cc2" x="-11" y="15" xscale="3.32" yscale="3.32" offset="0" rotation="0"/><component id="ID2430" type="facedecoration" component_id="063" theme_id="cc2" x="-14" y="-14" xscale="0.56" yscale="0.56" offset="0" rotation="-116"/><component id="ID981" type="facedecoration" component_id="008" theme_id="cc2" x="-18" y="-3" xscale="0.5" yscale="0.5" offset="0" rotation="0"/><component id="ID7508" type="facedecoration" component_id="008" theme_id="cc2" x="-32" y="-5" xscale="0.4" yscale="0.4" offset="0" rotation="0"/><component id="ID5276" type="facedecoration" component_id="1004" theme_id="cc2" x="-23" y="-33" xscale="0.3" yscale="0.3" offset="0" rotation="-6"/><component id="ID1523" type="facedecoration" component_id="1004" theme_id="cc2" x="11" y="-79" xscale="0.29" yscale="0.29" offset="0" rotation="-180"/><component id="ID5807" type="facedecoration" component_id="1004" theme_id="cc2" x="17" y="-15" xscale="0.49" yscale="0.49" offset="0" rotation="-145"/><component id="ID4407" type="facedecoration" component_id="032" theme_id="cc2" x="-26" y="39" xscale="2.87" yscale="2.87" offset="0" rotation="0"/><component id="ID9922" type="facedecoration" component_id="032" theme_id="cc2" x="-8" y="24" xscale="1" yscale="1" offset="0" rotation="0"/><component id="ID1605" type="facedecoration" component_id="032" theme_id="cc2" x="-14" y="23" xscale="1" yscale="1" offset="0" rotation="0"/><component type="hair" component_id="3004" theme_id="cc2" x="0" y="0" xscale="1" yscale="1" offset="0" rotation="0"/><component type="mouth" component_id="1005" theme_id="cc2" x="-11" y="4" xscale="0.57" yscale="0.57" offset="0" rotation="0"/><component type="eye" component_id="1003" theme_id="cc2" x="0" y="0" xscale="1" yscale="1" offset="0" rotation="-9"/><component type="glasses" component_id="001" theme_id="cc2" x="0" y="-2" xscale="0.78" yscale="0.78" offset="0" rotation="0"/><library type="GoBehindBody" component_id="014" theme_id="cc2"/><library type="GoLower" component_id="006" theme_id="cc2"/><library type="GoUpper" component_id="3006" theme_id="cc2"/><library type="GoHands" component_id="007" theme_id="cc2"/></cc_char>