<?xml version="1.0" encoding="utf-8"?><cc_char xscale='1' yscale='1' hxscale='1' hyscale='1' headdx='0' headdy='0'><color r="ccSkinColor" oc="0xFFE1C4">0xFFCE95</color><color r="ccEyeLib">0xFFCE95</color><color r="ccEyeIris">0x000000</color><color r="ccGlassesFrame">0x000000</color><color r="ccGlassesLens">0x737373</color><color r="ccMouthLip">0x891258</color><color r="ccMustache">0x000000</color><color r="ccBeard">0xFFFFFF</color><color r="ccEyebrow">0x222222</color><color r="ccUpperMain" oc="0x336699">0xFF0000</color><color r="ccUpperMinor" oc="0xE5E5E5">0x3668CA</color><color r="ccLowerMain" oc="0xCCBC9A">0x3668CA</color><color r="ccLowerMinor" oc="0xEEEEEE">0xEA6E70</color><color r="ccHairMajor">0x222222</color><color r="ccDecMajor" targetComponent="ID5672">0xEA6E70</color><color r="ccDecMajor" targetComponent="ID5881">0xEA6E70</color><color r="ccDecMajor" targetComponent="ID2146">0xEA6E70</color><color r="ccDecMajor" targetComponent="ID5694">0xFF0A0A</color><color r="ccDecMajor" targetComponent="ID7740">0xF01818</color><color r="ccDecMajor" targetComponent="ID6095">0xF40000</color><component type="bodyshape" component_id="adam" theme_id="family" x="0" y="0" xscale="1" yscale="1" offset="0" rotation="0"/><component type="skeleton" component_id="adam_001" theme_id="family" x="0" y="0" xscale="1" yscale="1" offset="0" rotation="0"/><component type="lower_body" component_id="adam_001" theme_id="family" x="0" y="0" xscale="1" yscale="1" offset="0" rotation="0"/><component type="faceshape" component_id="001" theme_id="family" x="0" y="0" xscale="1" yscale="1" offset="0" rotation="0"/><component type="eyebrow" component_id="003" theme_id="family" x="0" y="0" xscale="1" yscale="1" offset="0" rotation="0"/><component type="nose" component_id="001" theme_id="family" x="0" y="0" xscale="1" yscale="1" offset="0" rotation="0"/><component type="eye" component_id="004" theme_id="family" x="0" y="0" xscale="1" yscale="1" offset="0" rotation="0"/><component type="mouth" component_id="001" theme_id="family" x="0" y="0" xscale="1" yscale="1" offset="0" rotation="0"/><component type="ear" component_id="006" theme_id="family" x="0" y="0" xscale="1" yscale="1" offset="0" rotation="0"/><component type="hair" component_id="109" theme_id="family" x="0" y="0" xscale="1" yscale="1" offset="0" rotation="0"/><component type="upper_body" component_id="adam_016" theme_id="family" x="0" y="0" xscale="1" yscale="1" offset="0" rotation="0"/><component type="glasses" component_id="001" theme_id="family" x="0" y="0" xscale="1" yscale="1" offset="0" rotation="0"/><component type="mustache" component_id="007" theme_id="family" x="-3" y="-1" xscale="0.89" yscale="0.89" offset="0" rotation="2"/><component id="ID9905" type="facedecoration" component_id="076" theme_id="family" x="0" y="0" xscale="1" yscale="1" offset="0" rotation="0"/><component id="ID5672" type="facedecoration" component_id="043" theme_id="family" x="2" y="-24" xscale="0.37" yscale="0.37" offset="0" rotation="136"/><component id="ID5881" type="facedecoration" component_id="053" theme_id="family" x="-10" y="11" xscale="1.33" yscale="1.33" offset="0" rotation="-3"/><component id="ID9117" type="facedecoration" component_id="001" theme_id="family" x="-28" y="41" xscale="2.76" yscale="2.76" offset="0" rotation="5"/><component id="ID2146" type="facedecoration" component_id="001" theme_id="family" x="7" y="13" xscale="1.43" yscale="1.43" offset="0" rotation="-3"/><component id="ID6095" type="facedecoration" component_id="012" theme_id="family" x="0" y="0" xscale="1" yscale="1" offset="0" rotation="0"/><component id="ID7740" type="facedecoration" component_id="012" theme_id="family" x="-2" y="-2" xscale="1.27" yscale="1.27" offset="0" rotation="0"/><component id="ID5694" type="facedecoration" component_id="012" theme_id="family" x="3" y="-15" xscale="0.85" yscale="0.85" offset="0" rotation="0"/><component id="ID4293" type="facedecoration" component_id="025" theme_id="family" x="-2" y="-3" xscale="1" yscale="1" offset="0" rotation="0"/><component id="ID7628" type="facedecoration" component_id="042" theme_id="family" x="0" y="-3" xscale="1" yscale="1" offset="0" rotation="-1"/></cc_char>