<cc_char xscale='1' yscale='1' hxscale='1' hyscale='1' headdx='0' headdy='0'><color r="ccSkinColor" oc="0xFFE1C4">0xFFCF9F</color><color r="ccEyeLib">0xFFEDE3</color><color r="ccEyeIris">0x463A1A</color><color r="ccGlassesFrame">0xCEB427</color><color r="ccGlassesLens">0x737373</color><color r="ccMouthLip">0xF6D9AD</color><color r="ccMustache">0x000000</color><color r="ccBeard">0x996633</color><color r="ccEyebrow">0x000000</color><color r="ccUpperMain" oc="0x336699">0x666666</color><color r="ccUpperMinor" oc="0xE5E5E5">0xE5E5E5</color><color r="ccLowerMain" oc="0xCCBC9A">0x333366</color><color r="ccLowerMinor" oc="0xEEEEEE">0x333300</color><color r="ccHairMinor">0x999999</color><color r="ccHairMajor">0x000000</color><color r="ccDecMajor" targetComponent="ID8704">0xC1BFB8</color><component type="bodyshape" component_id="adam" theme_id="family" x="0" y="0" xscale="1" yscale="1" offset="0" rotation="0"/><component type="skeleton" component_id="adam_001" theme_id="family" x="0" y="0" xscale="1" yscale="1" offset="0" rotation="0"/><component type="lower_body" component_id="adam_004" theme_id="family" x="0" y="0" xscale="1" yscale="1" offset="0" rotation="0"/><component type="eye" component_id="002" theme_id="family" x="0" y="4.5" xscale="1.06" yscale="0.54" offset="5" rotation="-10"/><component type="mouth" component_id="101" theme_id="family" x="-1" y="-1.5" xscale="1" yscale="0.51" offset="0" rotation="6"/><component type="faceshape" component_id="005" theme_id="family" x="0" y="0" xscale="1" yscale="0.98" offset="0" rotation="0"/><component type="upper_body" component_id="adam_005" theme_id="family" x="0" y="0" xscale="1" yscale="1" offset="0" rotation="0"/><component type="hair" component_id="042" theme_id="family" x="1" y="4" xscale="0.97" yscale="0.97" offset="0" rotation="-4"/><component type="ear" component_id="001" theme_id="family" x="-5" y="5" xscale="1.14" yscale="1.13" offset="0" rotation="0"/><component type="eyebrow" component_id="106" theme_id="family" x="0" y="7.5" xscale="1.25" yscale="1.25" offset="5" rotation="0"/><component id="ID8704" type="facedecoration" component_id="012" theme_id="family" x="-16" y="-11" xscale="0.3" yscale="0.3" offset="0" rotation="-11"/><component type="nose" component_id="001" theme_id="family" x="0" y="3" xscale="0.99" yscale="0.99" offset="0" rotation="0"/></cc_char>