<?xml version="1.0" encoding="utf-8"?><cc_char xscale='1' yscale='1' hxscale='1' hyscale='1' headdx='0' headdy='0'><color r="ccSkinColor" oc="0xFFE1C4">0xFFCE95</color><color r="ccEyeLib">0xFFCE95</color><color r="ccEyeIris">0x000000</color><color r="ccGlassesFrame">0xFF0000</color><color r="ccGlassesLens">0xFF0000</color><color r="ccMouthLip">0xFF6666</color><color r="ccMustache">0x000000</color><color r="ccBeard">0xC29B22</color><color r="ccEyebrow">0x000000</color><color r="ccHairMajor">0xB97B3E</color><color r="ccHairMinor">0x8B6F18</color><color r="ccUpperMain" oc="0x336699">0xFF6666</color><color r="ccUpperMinor" oc="0xE5E5E5">0xFF6666</color><color r="ccLowerMain" oc="0xCCBC9A">0x19FF00</color><color r="ccLowerMinor" oc="0xEEEEEE">0xFFFFFF</color><color r="ccDecMajor" targetComponent="ID6889">0xFFCE95</color><color r="ccDecMajor" targetComponent="ID7504">0xFFCE95</color><color r="ccDecMajor" targetComponent="ID4575">0x19FF00</color><component type="bodyshape" component_id="eve" theme_id="family" x="0" y="0" xscale="1" yscale="1" offset="0" rotation="0"/><component type="skeleton" component_id="eve_001" theme_id="family" x="0" y="0" xscale="1" yscale="1" offset="0" rotation="0"/><component type="lower_body" component_id="eve_006" theme_id="family" x="0" y="0" xscale="0.9" yscale="0.9" offset="0" rotation="0"/><component type="faceshape" component_id="002" theme_id="family" x="0" y="1" xscale="0.96" yscale="0.92" offset="0" rotation="0"/><component type="mouth" component_id="201" theme_id="family" x="0" y="0" xscale="0.9" yscale="0.9" offset="0" rotation="0"/><component type="eye" component_id="102" theme_id="family" x="0" y="4" xscale="0.58" yscale="0.64" offset="0" rotation="0"/><component type="eyebrow" component_id="105" theme_id="family" x="0" y="6" xscale="0.9" yscale="0.9" offset="0" rotation="0"/><component type="nose" component_id="025" theme_id="family" x="0" y="2" xscale="0.9" yscale="0.9" offset="0" rotation="0"/><component id="ID6889" type="facedecoration" component_id="072" theme_id="family" x="12" y="-64" xscale="1.46" yscale="1.46" offset="0" rotation="82"/><component id="ID6212" type="facedecoration" component_id="072" theme_id="family" x="12" y="-64" xscale="1" yscale="1" offset="0" rotation="82"/><component id="ID7504" type="facedecoration" component_id="072" theme_id="family" x="-8" y="-64" xscale="1.36" yscale="1.36" offset="0" rotation="83"/><component id="ID3538" type="facedecoration" component_id="072" theme_id="family" x="-8" y="-64" xscale="0.98" yscale="0.98" offset="0" rotation="80"/><component id="ID3766" type="facedecoration" component_id="007" theme_id="family" x="-8" y="-48" xscale="0.9" yscale="0.9" offset="0" rotation="0"/><component id="ID6222" type="facedecoration" component_id="007" theme_id="family" x="-11" y="-79" xscale="0.9" yscale="0.9" offset="0" rotation="108"/><component id="ID4575" type="facedecoration" component_id="038" theme_id="family" x="5" y="-32" xscale="0.44" yscale="0.44" offset="0" rotation="-19"/><component id="ID5815" type="facedecoration" component_id="007" theme_id="family" x="0" y="-37" xscale="0.9" yscale="0.9" offset="0" rotation="0"/><component id="ID1878" type="facedecoration" component_id="007" theme_id="family" x="0" y="-36" xscale="0.9" yscale="0.9" offset="0" rotation="-23"/><component id="ID8529" type="facedecoration" component_id="007" theme_id="family" x="13" y="-35" xscale="0.9" yscale="0.9" offset="0" rotation="-24"/><component id="ID1069" type="facedecoration" component_id="007" theme_id="family" x="13" y="-69" xscale="0.9" yscale="0.9" offset="0" rotation="180"/><component id="ID955" type="facedecoration" component_id="007" theme_id="family" x="0" y="-68" xscale="0.9" yscale="0.9" offset="0" rotation="180"/><component id="ID3703" type="facedecoration" component_id="007" theme_id="family" x="17" y="-32" xscale="0.9" yscale="0.9" offset="0" rotation="-44"/><component id="ID8248" type="facedecoration" component_id="007" theme_id="family" x="5" y="-69" xscale="0.9" yscale="0.9" offset="0" rotation="178"/><component type="upper_body" component_id="eve_006" theme_id="family" x="0" y="0" xscale="0.9" yscale="0.9" offset="0" rotation="0"/></cc_char>