<?xml version="1.0" encoding="utf-8"?><cc_char xscale='1' yscale='1' hxscale='1' hyscale='1' headdx='0' headdy='0'><color r="ccSkinColor">0xE2C294</color><color r="ccEyeLib">0xBD8764</color><color r="ccEyeIris">0x003333</color><color r="ccGlassesFrame">0xBE10B0</color><color r="ccGlassesLens">0x737373</color><color r="ccMouthLip">0xB7796A</color><color r="ccEyebrow">0x421D0B</color><component type="bodyshape" component_id="default" theme_id="cc2" x="0" y="0" xscale="1" yscale="1" offset="0" rotation="0"/><component type="freeaction" component_id="default" theme_id="cc2" x="0" y="0" xscale="1" yscale="1" offset="0" rotation="0"/><component type="faceshape" component_id="054" theme_id="cc2" x="0" y="0" xscale="1" yscale="1" offset="0" rotation="0"/><component type="hair" component_id="178" theme_id="cc2" x="0" y="0" xscale="1" yscale="1" offset="0" rotation="0"/><component type="mouth" component_id="2004" theme_id="cc2" x="0" y="0" xscale="1" yscale="1" offset="0" rotation="0"/><component type="ear" component_id="009" theme_id="cc2" x="0" y="0" xscale="1" yscale="1" offset="0" rotation="0"/><component type="eye" component_id="2006" theme_id="cc2" x="0" y="0" xscale="1" yscale="1" offset="0" rotation="0"/><component type="eyebrow" component_id="003" theme_id="cc2" x="0" y="0" xscale="1" yscale="1" offset="0" rotation="0"/><component type="nose" component_id="021" theme_id="cc2" x="0" y="0" xscale="1" yscale="1" offset="0" rotation="0"/><component type="glasses" component_id="013" theme_id="cc2" x="0" y="0" xscale="1" yscale="1" offset="0" rotation="0"/><component id="ID606" type="facedecoration" component_id="1008" theme_id="cc2" x="0" y="0" xscale="1" yscale="1" offset="0" rotation="0"/><component id="ID2721" type="facedecoration" component_id="081" theme_id="cc2" x="0" y="0" xscale="1" yscale="1" offset="0" rotation="0"/><component id="ID18" type="facedecoration" component_id="087" theme_id="cc2" x="0" y="0" xscale="1" yscale="1" offset="0" rotation="0"/><component id="ID6114" type="facedecoration" component_id="053" theme_id="cc2" x="0" y="0" xscale="1" yscale="1" offset="0" rotation="0"/><component id="ID373" type="facedecoration" component_id="027" theme_id="cc2" x="0" y="0" xscale="1" yscale="1" offset="0" rotation="0"/><component id="ID2543" type="facedecoration" component_id="013" theme_id="cc2" x="0" y="0" xscale="1" yscale="1" offset="0" rotation="0"/><component id="ID3548" type="facedecoration" component_id="025" theme_id="cc2" x="0" y="0" xscale="1" yscale="1" offset="0" rotation="0"/><component id="ID9385" type="facedecoration" component_id="002" theme_id="cc2" x="0" y="0" xscale="1" yscale="1" offset="0" rotation="0"/><component id="ID8536" type="facedecoration" component_id="040" theme_id="cc2" x="3" y="0" xscale="1" yscale="1" offset="0" rotation="12"/><component id="ID9367" type="facedecoration" component_id="040" theme_id="cc2" x="0" y="0" xscale="1" yscale="1" offset="0" rotation="0"/><component id="ID2733" type="facedecoration" component_id="040" theme_id="cc2" x="0" y="3" xscale="1" yscale="1" offset="0" rotation="0"/><library type="GoUpper" component_id="2006" theme_id="cc2"/><library type="GoLower" component_id="2003" theme_id="cc2"/><library type="GoHands" component_id="005" theme_id="cc2"/><library type="GoBehindBody" component_id="004" theme_id="cc2"/></cc_char>