<?xml version="1.0" encoding="utf-8"?><cc_char xscale='1' yscale='1' hxscale='1' hyscale='1' headdx='0' headdy='0'><color r="ccSkinColor">0xAC8151</color><color r="ccEyeLib">0xBD8764</color><color r="ccEyeIris">0x7D551C</color><color r="ccGlassesFrame">0xBE10B0</color><color r="ccGlassesLens">0x737373</color><color r="ccMouthLip">0xCC6666</color><color r="ccEyebrow">0x421D0B</color><color r="ccBackMajor">0x000000</color><color r="ccBackMinor">0x000000</color><color r="ccUpperMain">0xFFCCCC</color><color r="ccHairMajor">0x321F1B</color><color r="ccLowerMain">0xB72A55</color><component type="bodyshape" component_id="default" theme_id="cc2" x="0" y="0" xscale="1" yscale="1" offset="0" rotation="0"/><component type="freeaction" component_id="default" theme_id="cc2" x="0" y="0" xscale="1" yscale="1" offset="0" rotation="0"/><component type="faceshape" component_id="001" theme_id="cc2" x="-1" y="0" xscale="0.9" yscale="1" offset="0" rotation="-2"/><component type="eye" component_id="019" theme_id="cc2" x="0" y="-2" xscale="0.95" yscale="0.88" offset="1" rotation="-10"/><component type="eyebrow" component_id="001" theme_id="cc2" x="0" y="0" xscale="1" yscale="1" offset="5" rotation="-10"/><component type="nose" component_id="010" theme_id="cc2" x="-3" y="-3" xscale="0.92" yscale="0.9" offset="0" rotation="0"/><component type="mouth" component_id="001" theme_id="cc2" x="0" y="-2" xscale="1" yscale="1" offset="0" rotation="0"/><component type="hair" component_id="087" theme_id="cc2" x="-1" y="-2" xscale="0.96" yscale="0.98" offset="0" rotation="0"/><library type="GoHands" component_id="002" theme_id="cc2"/><library type="GoUpper" component_id="117" theme_id="cc2"/><library type="GoLower" component_id="014" theme_id="cc2"/></cc_char>