<?xml version="1.0" encoding="utf-8"?><cc_char xscale='0.6' yscale='0.6' hxscale='1.2' hyscale='1.2' headdx='0' headdy='11'><color r="ccSkinColor" oc="0xFFE1C4">0xF5C7CC</color><color r="ccEyeLib">0xF5C7CC</color><color r="ccEyeIris">0x000000</color><color r="ccGlassesFrame">0xBE10B0</color><color r="ccGlassesLens">0x737373</color><color r="ccMouthLip">0x891258</color><color r="ccMustache">0x000000</color><color r="ccBeard">0xFFFFFF</color><color r="ccEyebrow">0x996633</color><color r="ccHairMajor">0x996633</color><color r="ccHairMinor">0x640F0F</color><color r="ccUpperMain" oc="0x336699">0xB9CDEC</color><color r="ccUpperMinor" oc="0xE5E5E5">0xB9CDEC</color><color r="ccLowerMain" oc="0xCCBC9A">0xB9CDEC</color><color r="ccLowerMinor" oc="0xEEEEEE">0xF8715B</color><color r="ccDecMajor" targetComponent="ID1492">0x8F1E1E</color><color r="ccDecMajor" targetComponent="ID3691">0x8F1E1E</color><color r="ccDecMajor" targetComponent="ID7378">0xB9CDEC</color><color r="ccDecMinor" targetComponent="ID7378">0xB9CDEC</color><color r="ccDecMajor" targetComponent="ID1878">0xB9CDEC</color><color r="ccDecMajor" targetComponent="ID5083">0xB9CDEC</color><color r="ccDecMajor" targetComponent="ID4967">0xB9CDEC</color><color r="ccDecMajor" targetComponent="ID2387">0xF4F09D</color><color r="ccDecMajor" targetComponent="ID4051">0xB9CDEC</color><color r="ccDecMajor" targetComponent="ID7391">0xF4F09D</color><color r="ccDecMajor" targetComponent="ID6519">0xB9CDEC</color><color r="ccDecMajor" targetComponent="ID8557">0xF5C7CC</color><component type="bodyshape" component_id="adam" theme_id="family" x="0" y="0" xscale="1" yscale="1" offset="0" rotation="0"/><component type="skeleton" component_id="adam_001" theme_id="family" x="0" y="0" xscale="1" yscale="1" offset="0" rotation="0"/><component type="mouth" component_id="201" theme_id="family" x="0" y="0" xscale="1" yscale="1" offset="0" rotation="0"/><component type="eye" component_id="009" theme_id="family" x="0" y="1" xscale="1.09" yscale="1.09" offset="-3" rotation="0"/><component type="faceshape" component_id="037" theme_id="family" x="0" y="0" xscale="1" yscale="1" offset="0" rotation="0"/><component id="ID7378" type="facedecoration" component_id="060" theme_id="family" x="0" y="0" xscale="1" yscale="1" offset="0" rotation="0"/><component id="ID3691" type="facedecoration" component_id="005" theme_id="family" x="-9" y="-44" xscale="1" yscale="1" offset="0" rotation="-155"/><component id="ID1492" type="facedecoration" component_id="005" theme_id="family" x="-31" y="-9" xscale="1" yscale="1" offset="0" rotation="74"/><component type="upper_body" component_id="adam_a008" theme_id="family" x="0" y="0" xscale="1" yscale="1" offset="0" rotation="0"/><component type="lower_body" component_id="adam_011" theme_id="family" x="0" y="0" xscale="1" yscale="1" offset="0" rotation="0"/><component id="ID4967" type="facedecoration" component_id="043" theme_id="family" x="-50" y="-71" xscale="0.92" yscale="0.92" offset="0" rotation="68"/><component id="ID5083" type="facedecoration" component_id="043" theme_id="family" x="-27" y="-98" xscale="0.77" yscale="0.77" offset="0" rotation="116"/><component id="ID1878" type="facedecoration" component_id="043" theme_id="family" x="-44" y="-51" xscale="0.78" yscale="0.78" offset="0" rotation="38"/><component id="ID2387" type="facedecoration" component_id="072" theme_id="family" x="0" y="39" xscale="5.04" yscale="5.04" offset="0" rotation="80"/><component id="ID4051" type="facedecoration" component_id="043" theme_id="family" x="-9" y="41" xscale="0.94" yscale="0.94" offset="0" rotation="109"/><component id="ID7391" type="facedecoration" component_id="043" theme_id="family" x="-2" y="26" xscale="0.96" yscale="0.96" offset="0" rotation="82"/><component id="ID6519" type="facedecoration" component_id="072" theme_id="family" x="29" y="-24" xscale="1.64" yscale="1.64" offset="0" rotation="-9"/><component id="ID8557" type="facedecoration" component_id="072" theme_id="family" x="29" y="-22" xscale="1.16" yscale="1.16" offset="0" rotation="-10"/></cc_char>