<?xml version="1.0" encoding="utf-8"?><cc_char xscale='1' yscale='1' hxscale='1' hyscale='1' headdx='0' headdy='0'><color r="ccSkinColor" oc="0xFFE1C4">0xF3F3F3</color><color r="ccEyeLib">0xF3F3F3</color><color r="ccEyeIris">0x000000</color><color r="ccGlassesFrame">0x000000</color><color r="ccGlassesLens">0x846116</color><color r="ccMouthLip">0xCA8730</color><color r="ccMustache">0x6A3500</color><color r="ccBeard">0x360202</color><color r="ccEyebrow">0x181818</color><color r="ccUpperMain" oc="0x336699">0x343434</color><color r="ccUpperMinor" oc="0xE5E5E5">0xA13D3D</color><color r="ccLowerMain" oc="0xCCBC9A">0x343434</color><color r="ccLowerMinor" oc="0xEEEEEE">0x343434</color><color r="ccHairMajor">0x343434</color><component type="bodyshape" component_id="bob" theme_id="family" x="0" y="0" xscale="1" yscale="1" offset="0" rotation="0"/><component type="skeleton" component_id="bob_001" theme_id="family" x="0" y="0" xscale="1" yscale="1" offset="0" rotation="0"/><component type="hair" component_id="018" theme_id="family" x="2" y="0" xscale="1.02" yscale="1" offset="0" rotation="0"/><component type="eye" component_id="009" theme_id="family" x="0" y="0" xscale="1" yscale="1" offset="0" rotation="0"/><component type="nose" component_id="001" theme_id="family" x="-1" y="0" xscale="1" yscale="1" offset="0" rotation="0"/><component type="upper_body" component_id="bob_012" theme_id="family" x="0" y="0" xscale="1" yscale="1" offset="0" rotation="0"/><component type="lower_body" component_id="bob_001" theme_id="family" x="0" y="0" xscale="1" yscale="1" offset="0" rotation="0"/><component type="faceshape" component_id="013" theme_id="family" x="0" y="0" xscale="1" yscale="1" offset="0" rotation="0"/><component type="eyebrow" component_id="005" theme_id="family" x="1" y="0" xscale="1" yscale="1" offset="1" rotation="-4"/><component type="mouth" component_id="201" theme_id="family" x="-2" y="0" xscale="1" yscale="1" offset="0" rotation="0"/></cc_char>