<cc_char file_name='ugc.char.C-1093-1589975396146.xml' scale='1' yscale='1' hxscale='1' hyscale='1' headdx='0' headdy='0'><color r="ccSkinColor">0x6999AD</color><color r="ccEyeLib">0x76726E</color><color r="ccEyeIris">0xD7846F</color><color r="ccGlassesFrame">0xBE10B0</color><color r="ccGlassesLens">0x737373</color><color r="ccMouthLip">0xB7796A</color><color r="ccEyebrow">0x421D0B</color><color r="ccHairMajor">0x7E4D1B</color><color r="ccBackMajor">0x6999AD</color><color r="ccBackMinor">0x6999AD</color><color r="ccDecMajor" targetComponent="ID4391">0x636467</color><color r="ccDecMajor" targetComponent="ID377">0x6999AD</color><color r="ccDecMinor" targetComponent="ID377">0x6F6D6B</color><color r="ccUpperMain">0x636467</color><color r="ccUpperMinor">0xFFF996</color><color r="ccHandMain">0x636467</color><color r="ccDecMajor" targetComponent="ID5622">0xFFFFFF</color><color r="ccDecMajor" targetComponent="ID1353">0xE0E0E0</color><color r="ccLowerMain">0x6999AD</color><component type="bodyshape" component_id="default" theme_id="cc2" x="0" y="0" xscale="1" yscale="1" offset="0" rotation="0"/><component type="freeaction" component_id="default" theme_id="cc2" x="0" y="0" xscale="1" yscale="1" offset="0" rotation="0"/><component type="mouth" component_id="006" theme_id="cc2" x="0" y="0" xscale="1" yscale="1" offset="0" rotation="0"/><component type="eye" component_id="002" theme_id="cc2" x="0" y="0" xscale="1" yscale="1" offset="0" rotation="0"/><component id="ID4391" type="facedecoration" component_id="073" theme_id="cc2" x="15" y="-54" xscale="0.31" yscale="0.31" offset="0" rotation="133"/><component id="ID377" type="facedecoration" component_id="017" theme_id="cc2" x="6" y="15" xscale="1" yscale="1" offset="0" rotation="0"/><component type="faceshape" component_id="003" theme_id="cc2" x="0" y="0" xscale="1" yscale="1" offset="0" rotation="0"/><component type="nose" component_id="013" theme_id="cc2" x="0" y="0" xscale="1" yscale="1" offset="0" rotation="0"/><component id="ID5622" type="facedecoration" component_id="083" theme_id="cc2" x="-1" y="30" xscale="0.11" yscale="0.11" offset="0" rotation="-101"/><component id="ID1353" type="facedecoration" component_id="005" theme_id="cc2" x="-3" y="63" xscale="0.96" yscale="0.96" offset="0" rotation="0"/><component id="ID7097" type="facedecoration" component_id="032" theme_id="cc2" x="-51" y="-4" xscale="1.4" yscale="1.4" offset="0" rotation="0"/><library type="GoBehindBody" component_id="006" theme_id="cc2"/><library type="GoUpper" component_id="258" theme_id="cc2"/><library type="GoHands" component_id="004" theme_id="cc2"/><library type="GoLower" component_id="018" theme_id="cc2"/></cc_char>