<?xml version="1.0" encoding="utf-8"?><cc_char xscale='0.7' yscale='0.7' hxscale='1.5' hyscale='1.5' headdx='2' headdy='-2'><color r="ccSkinColor">0xDEAC3B</color><color r="ccEyeLib">0xBD8764</color><color r="ccEyeIris">0x003333</color><color r="ccGlassesFrame">0xBE10B0</color><color r="ccGlassesLens">0x737373</color><color r="ccMouthLip">0xB7796A</color><color r="ccEyebrow">0x421D0B</color><color r="ccBackMajor">0x000000</color><color r="ccBackMinor">0x000000</color><color r="ccDecMajor" targetComponent="ID6529">0x9B2323</color><component type="bodyshape" component_id="default" theme_id="cc2" x="0" y="0" xscale="1" yscale="1" offset="0" rotation="0"/><component type="freeaction" component_id="default" theme_id="cc2" x="0" y="0" xscale="1" yscale="1" offset="0" rotation="0"/><component type="faceshape" component_id="1002" theme_id="cc2" x="0" y="3" xscale="1.04" yscale="1.04" offset="0" rotation="0"/><component id="ID6022" type="facedecoration" component_id="008" theme_id="cc2" x="26" y="-11" xscale="1" yscale="1" offset="0" rotation="0"/><component type="mouth" component_id="1005" theme_id="cc2" x="-7" y="1" xscale="0.79" yscale="0.79" offset="0" rotation="4"/><component type="hair" component_id="1002" theme_id="cc2" x="0" y="28" xscale="1.31" yscale="1.31" offset="0" rotation="0"/><component type="eye" component_id="1001" theme_id="cc2" x="0" y="-3" xscale="1" yscale="1" offset="27" rotation="-2"/><component id="ID6529" type="facedecoration" component_id="1004" theme_id="cc2" x="11" y="-20" xscale="0.74" yscale="0.74" offset="0" rotation="-13"/><component type="nose" component_id="1003" theme_id="cc2" x="1" y="-1" xscale="0.87" yscale="0.87" offset="0" rotation="0"/><library type="GoHands" component_id="1001" theme_id="cc2"/><library type="GoLower" component_id="1002" theme_id="cc2"/><library type="GoUpper" component_id="032" theme_id="cc2"/></cc_char>