<?xml version="1.0" encoding="utf-8"?><cc_char xscale='0.7' yscale='0.7' hxscale='1.5' hyscale='1.5' headdx='2' headdy='-2'><color r="ccSkinColor">0xEAD2B0</color><color r="ccEyeLib">0x1E447B</color><color r="ccEyeIris">0x229188</color><color r="ccGlassesFrame">0xBE10B0</color><color r="ccGlassesLens">0x737373</color><color r="ccMouthLip">0xB7796A</color><color r="ccEyebrow">0x421D0B</color><color r="ccBackMajor">0x000000</color><color r="ccBackMinor">0x000000</color><color r="ccHairMajor">0x7E4D1B</color><component type="bodyshape" component_id="default" theme_id="cc2" x="0" y="0" xscale="1" yscale="1" offset="0" rotation="0"/><component type="freeaction" component_id="default" theme_id="cc2" x="0" y="0" xscale="1" yscale="1" offset="0" rotation="0"/><component type="faceshape" component_id="001" theme_id="cc2" x="0" y="0" xscale="1" yscale="1" offset="0" rotation="0"/><component type="hair" component_id="029" theme_id="cc2" x="0" y="0" xscale="1" yscale="1" offset="0" rotation="0"/><component type="ear" component_id="003" theme_id="cc2" x="0" y="-2" xscale="0.89" yscale="0.89" offset="0" rotation="0"/><component type="eye" component_id="002" theme_id="cc2" x="0" y="0" xscale="0.74" yscale="0.74" offset="-4" rotation="0"/><component type="eyebrow" component_id="002" theme_id="cc2" x="0" y="0" xscale="1" yscale="1" offset="0" rotation="0"/><component type="nose" component_id="010" theme_id="cc2" x="-1" y="-4" xscale="0.86" yscale="0.86" offset="0" rotation="0"/><component type="mouth" component_id="008" theme_id="cc2" x="0" y="-2" xscale="0.77" yscale="0.77" offset="0" rotation="0"/><library type="GoUpper" component_id="2003" theme_id="cc2"/><library type="GoLower" component_id="2003" theme_id="cc2"/><library type="GoHands" component_id="002" theme_id="cc2"/></cc_char>