<?xml version="1.0" encoding="utf-8"?><cc_char xscale='0.74' yscale='0.74' hxscale='1.49' hyscale='1.49' headdx='0' headdy='-1'><color r="ccSkinColor">0xCAD7C1</color><color r="ccEyeLib">0xBD8764</color><color r="ccEyeIris">0x003333</color><color r="ccGlassesFrame">0xBE10B0</color><color r="ccGlassesLens">0x737373</color><color r="ccMouthLip">0xB7796A</color><color r="ccEyebrow">0x421D0B</color><color r="ccBackMajor">0x000000</color><color r="ccBackMinor">0x000000</color><component type="bodyshape" component_id="default" theme_id="cc2" x="0" y="0" xscale="1" yscale="1" offset="0" rotation="0"/><component type="freeaction" component_id="default" theme_id="cc2" x="0" y="0" xscale="1" yscale="1" offset="0" rotation="0"/><component type="faceshape" component_id="1005" theme_id="cc2" x="0" y="0" xscale="1" yscale="1" offset="0" rotation="0"/><component id="ID8713" type="facedecoration" component_id="1009" theme_id="cc2" x="0" y="0" xscale="1" yscale="1" offset="0" rotation="0"/><component id="ID1968" type="facedecoration" component_id="1008" theme_id="cc2" x="0" y="0" xscale="1" yscale="1" offset="0" rotation="0"/><component type="hair" component_id="1002" theme_id="cc2" x="0" y="4" xscale="1.1" yscale="1.06" offset="0" rotation="0"/><library type="GoUpper" component_id="1013" theme_id="cc2"/><library type="GoHands" component_id="1001" theme_id="cc2"/><library type="GoLower" component_id="1001" theme_id="cc2"/></cc_char>