<?xml version="1.0" encoding="utf-8"?><cc_char xscale='1' yscale='1' hxscale='1' hyscale='1' headdx='0' headdy='0'><color r="ccSkinColor" oc="0xFFE1C4">0xFFCE95</color><color r="ccEyeLib">0xFD8E6D</color><color r="ccEyeIris">0x000000</color><color r="ccGlassesFrame">0xFF0000</color><color r="ccGlassesLens">0xFF0000</color><color r="ccMouthLip">0xFF6666</color><color r="ccMustache">0x8B6F18</color><color r="ccBeard">0xC29B22</color><color r="ccEyebrow">0x000000</color><color r="ccUpperMain" oc="0x336699">0x68E005</color><color r="ccUpperMinor" oc="0xE5E5E5">0x4F65E2</color><color r="ccLowerMain" oc="0xCCBC9A">0x0B3573</color><color r="ccLowerMinor" oc="0xEEEEEE">0x116BA4</color><color r="ccHairMajor">0x724007</color><color r="ccDecMajor" targetComponent="ID761">0x261ACA</color><color r="ccDecMajor" targetComponent="ID2010">0x2F2E2E</color><color r="ccDecMajor" targetComponent="ID9472">0x4F65E2</color><color r="ccDecMajor" targetComponent="ID3000">0x466CCE</color><color r="ccDecMajor" targetComponent="ID6269">0x466CCE</color><color r="ccDecMajor" targetComponent="ID8469">0x466CCE</color><color r="ccDecMajor" targetComponent="ID1355">0xFFFFFF</color><component type="bodyshape" component_id="eve" theme_id="family" x="0" y="0" xscale="1" yscale="1" offset="0" rotation="0"/><component type="skeleton" component_id="eve_001" theme_id="family" x="0" y="0" xscale="1" yscale="1" offset="0" rotation="0"/><component type="faceshape" component_id="018" theme_id="family" x="0" y="0" xscale="0.9" yscale="0.9" offset="0" rotation="0"/><component type="eye" component_id="101" theme_id="family" x="0" y="3" xscale="0.9" yscale="0.9" offset="0" rotation="0"/><component type="eyebrow" component_id="107" theme_id="family" x="0" y="5" xscale="0.9" yscale="0.9" offset="0" rotation="0"/><component type="nose" component_id="014" theme_id="family" x="0" y="0" xscale="0.9" yscale="0.9" offset="0" rotation="0"/><component type="mouth" component_id="101" theme_id="family" x="0" y="0" xscale="0.9" yscale="0.9" offset="0" rotation="0"/><component type="ear" component_id="006" theme_id="family" x="0" y="0" xscale="0.9" yscale="0.9" offset="0" rotation="0"/><component type="upper_body" component_id="eve_a006" theme_id="family" x="0" y="0" xscale="0.9" yscale="0.9" offset="0" rotation="0"/><component type="lower_body" component_id="eve_010" theme_id="family" x="0" y="0" xscale="0.9" yscale="0.9" offset="0" rotation="0"/><component type="hair" component_id="056" theme_id="family" x="0" y="0" xscale="0.9" yscale="0.9" offset="0" rotation="0"/><component id="ID761" type="facedecoration" component_id="048" theme_id="family" x="0" y="0" xscale="0.9" yscale="0.9" offset="0" rotation="0"/><component id="ID2010" type="facedecoration" component_id="049" theme_id="family" x="8" y="9" xscale="1.09" yscale="1.09" offset="0" rotation="-8"/><component id="ID9472" type="facedecoration" component_id="042" theme_id="family" x="0" y="0" xscale="0.9" yscale="0.9" offset="0" rotation="0"/><component id="ID3000" type="facedecoration" component_id="043" theme_id="family" x="9" y="26" xscale="0.9" yscale="0.9" offset="0" rotation="133"/><component id="ID6269" type="facedecoration" component_id="043" theme_id="family" x="14" y="27" xscale="0.9" yscale="0.9" offset="0" rotation="89"/><component id="ID8469" type="facedecoration" component_id="001" theme_id="family" x="8" y="100" xscale="3.3" yscale="3.3" offset="0" rotation="12"/><component id="ID1355" type="facedecoration" component_id="072" theme_id="family" x="63" y="2" xscale="1.16" yscale="1.16" offset="0" rotation="69"/></cc_char>