<?xml version="1.0" encoding="utf-8"?><cc_char xscale='1' yscale='1' hxscale='1' hyscale='1' headdx='0' headdy='0'><color r="ccSkinColor" oc="0xFFE1C4">0x333300</color><color r="ccEyeLib">0x333300</color><color r="ccEyeIris">0x000000</color><color r="ccGlassesFrame">0x000000</color><color r="ccGlassesLens">0x846116</color><color r="ccMouthLip">0x663333</color><color r="ccMustache">0x360202</color><color r="ccBeard">0x360202</color><color r="ccEyebrow">0x640F0F</color><color r="ccHairMajor">0x360202</color><color r="ccHairMinor">0xC1BFB8</color><color r="ccUpperMain" oc="0x336699">0x333300</color><color r="ccUpperMinor" oc="0xE5E5E5">0x333300</color><color r="ccLowerMain" oc="0xCCBC9A">0x333300</color><color r="ccLowerMinor" oc="0xEEEEEE">0x333300</color><color r="ccDecMajor" targetComponent="ID5868">0xFFFFFF</color><color r="ccDecMajor" targetComponent="ID1372">0xFFFFFF</color><color r="ccDecMajor" targetComponent="ID7957">0xFFFFFF</color><component type="bodyshape" component_id="bob" theme_id="family" x="0" y="0" xscale="1" yscale="1" offset="0" rotation="0"/><component type="skeleton" component_id="bob_001" theme_id="family" x="0" y="0" xscale="1" yscale="1" offset="0" rotation="0"/><component type="eyebrow" component_id="002" theme_id="family" x="0" y="4" xscale="1.39" yscale="1" offset="2" rotation="13"/><component type="ear" component_id="004" theme_id="family" x="3" y="1" xscale="1" yscale="1" offset="0" rotation="0"/><component id="ID7296" type="facedecoration" component_id="059" theme_id="family" x="4" y="-3" xscale="1" yscale="1" offset="0" rotation="0"/><component type="upper_body" component_id="bob_004" theme_id="family" x="0" y="0" xscale="1" yscale="1" offset="0" rotation="0"/><component type="lower_body" component_id="bob_001" theme_id="family" x="0" y="0" xscale="1" yscale="1" offset="0" rotation="0"/><component type="faceshape" component_id="031" theme_id="family" x="3" y="0" xscale="1.17" yscale="0.99" offset="0" rotation="0"/><component type="eye" component_id="009" theme_id="family" x="0" y="0" xscale="1.27" yscale="0.91" offset="9" rotation="15"/><component type="mouth" component_id="103" theme_id="family" x="-3" y="-3" xscale="1.1" yscale="0.99" offset="0" rotation="2"/><component type="nose" component_id="007" theme_id="family" x="-1" y="-4" xscale="1.1" yscale="0.89" offset="0" rotation="0"/><component type="mustache" component_id="004" theme_id="family" x="-2" y="-4" xscale="1" yscale="1" offset="0" rotation="1"/><component id="ID8513" type="facedecoration" component_id="003" theme_id="family" x="2" y="6" xscale="1" yscale="1" offset="0" rotation="0"/><component id="ID5868" type="facedecoration" component_id="001" theme_id="family" x="59" y="6" xscale="1" yscale="3.76" offset="0" rotation="-37"/><component id="ID1372" type="facedecoration" component_id="001" theme_id="family" x="54" y="-21" xscale="1" yscale="2.57" offset="0" rotation="-53"/><component id="ID7957" type="facedecoration" component_id="001" theme_id="family" x="3" y="-34" xscale="1.4" yscale="1.49" offset="0" rotation="0"/></cc_char>