<?xml version="1.0" encoding="utf-8"?><cc_char xscale='1' yscale='1' hxscale='1' hyscale='1' headdx='0' headdy='0'><color r="ccSkinColor" oc="0xFFE1C4">0x99662F</color><color r="ccEyeLib">0x99662F</color><color r="ccEyeIris">0x000000</color><color r="ccGlassesFrame">0xBE10B0</color><color r="ccGlassesLens">0x737373</color><color r="ccMouthLip">0x663300</color><color r="ccMustache">0x000000</color><color r="ccBeard">0xFFFFFF</color><color r="ccEyebrow">0x290F10</color><color r="ccUpperMain" oc="0x336699">0xFD9A00</color><color r="ccUpperMinor" oc="0xE5E5E5">0xFFFFFF</color><color r="ccLowerMain" oc="0xCCBC9A">0xFD9A00</color><color r="ccLowerMinor" oc="0xEEEEEE">0xFFFFFF</color><color r="ccDecMajor" targetComponent="ID3708">0xFFFFFF</color><component type="bodyshape" component_id="adam" theme_id="family" x="0" y="0" xscale="1" yscale="1" offset="0" rotation="0"/><component type="skeleton" component_id="adam_001" theme_id="family" x="0" y="0" xscale="1" yscale="1" offset="0" rotation="0"/><component type="faceshape" component_id="001" theme_id="family" x="0" y="0" xscale="1" yscale="1" offset="0" rotation="0"/><component type="ear" component_id="010" theme_id="family" x="0" y="0" xscale="1" yscale="1" offset="0" rotation="0"/><component type="eyebrow" component_id="003" theme_id="family" x="0" y="0" xscale="1" yscale="1" offset="-1" rotation="12"/><component type="eye" component_id="009" theme_id="family" x="0" y="-1" xscale="1" yscale="1" offset="1" rotation="0"/><component type="nose" component_id="012" theme_id="family" x="-1" y="2" xscale="1" yscale="1" offset="0" rotation="0"/><component type="upper_body" component_id="adam_010" theme_id="family" x="0" y="0" xscale="1" yscale="1" offset="0" rotation="0"/><component type="lower_body" component_id="adam_009" theme_id="family" x="0" y="0" xscale="1" yscale="1" offset="0" rotation="0"/><component id="ID3708" type="facedecoration" component_id="043" theme_id="family" x="3" y="1" xscale="1.04" yscale="1" offset="0" rotation="0"/><component type="hair" component_id="019" theme_id="family" x="0" y="0" xscale="1" yscale="1" offset="0" rotation="0"/><component type="mouth" component_id="009" theme_id="family" x="1" y="-3" xscale="1" yscale="1" offset="0" rotation="0"/></cc_char>