<?xml version="1.0" encoding="utf-8"?><cc_char xscale='1' yscale='1' hxscale='1' hyscale='1' headdx='0' headdy='0'><color r="ccSkinColor" oc="0xFFE1C4">0xFFCE95</color><color r="ccEyeLib">0xFFCE95</color><color r="ccEyeIris">0x068AC6</color><color r="ccGlassesFrame">0x134883</color><color r="ccGlassesLens">0x737373</color><color r="ccMouthLip">0x891258</color><color r="ccMustache">0x000000</color><color r="ccBeard">0xFFFFFF</color><color r="ccEyebrow">0x068AC6</color><color r="ccUpperMain" oc="0x336699">0x44EE0B</color><color r="ccUpperMinor" oc="0xE5E5E5">0x068AC6</color><color r="ccLowerMain" oc="0xCCBC9A">0x068AC6</color><color r="ccLowerMinor" oc="0xEEEEEE">0x44EE0B</color><color r="ccDecMajor" targetComponent="ID3324">0x068AC6</color><color r="ccDecMajor" targetComponent="ID200">0x068AC6</color><color r="ccDecMajor" targetComponent="ID1485">0x068AC6</color><color r="ccDecMajor" targetComponent="ID1457">0x068AC6</color><color r="ccDecMajor" targetComponent="ID6348">0x068AC6</color><color r="ccDecMajor" targetComponent="ID1042">0x068AC6</color><color r="ccDecMajor" targetComponent="ID3596">0x068AC6</color><color r="ccDecMajor" targetComponent="ID2509">0x068AC6</color><color r="ccHairMajor">0x068AC6</color><color r="ccDecMajor" targetComponent="ID6079">0x068AC6</color><color r="ccDecMajor" targetComponent="ID9590">0x57FF84</color><color r="ccDecMajor" targetComponent="ID1200">0x57FF84</color><color r="ccDecMajor" targetComponent="ID8568">0x57FF84</color><color r="ccDecMajor" targetComponent="ID9787">0x57FF84</color><color r="ccDecMajor" targetComponent="ID2338">0x57FF84</color><color r="ccDecMinor" targetComponent="ID2338">0x57FF84</color><color r="ccDecMajor" targetComponent="ID2156">0x57FF84</color><color r="ccDecMajor" targetComponent="ID9449">0xA4DDF7</color><color r="ccDecMajor" targetComponent="ID4092">0x068AC6</color><color r="ccDecMajor" targetComponent="ID6657">0x068AC6</color><color r="ccDecMinor" targetComponent="ID6657">0x44EE0B</color><color r="ccDecMajor" targetComponent="ID4048">0x44EE0B</color><color r="ccDecMajor" targetComponent="ID210">0xF48587</color><color r="ccDecMajor" targetComponent="ID3279">0x068AC6</color><color r="ccDecMajor" targetComponent="ID8497">0x068AC6</color><color r="ccDecMajor" targetComponent="ID2636">0x068AC6</color><color r="ccDecMajor" targetComponent="ID6271">0x068AC6</color><color r="ccDecMajor" targetComponent="ID1714">0x068AC6</color><color r="ccDecMajor" targetComponent="ID2879">0x068AC6</color><color r="ccDecMinor" targetComponent="ID2879">0x068AC6</color><color r="ccDecMajor" targetComponent="ID7047">0x068AC6</color><color r="ccDecMajor" targetComponent="ID6603">0x068AC6</color><color r="ccDecMajor" targetComponent="ID3611">0x068AC6</color><color r="ccDecMajor" targetComponent="ID9372">0xF6FF51</color><color r="ccDecMajor" targetComponent="ID8445">0x20F90C</color><color r="ccDecMajor" targetComponent="ID3578">0x20F90C</color><color r="ccDecMajor" targetComponent="ID2692">0x2CFFB8</color><component type="bodyshape" component_id="adam" theme_id="family" x="0" y="0" xscale="1" yscale="1" offset="0" rotation="0"/><component type="skeleton" component_id="adam_001" theme_id="family" x="0" y="0" xscale="1" yscale="1" offset="0" rotation="0"/><component type="mouth" component_id="001" theme_id="family" x="1" y="-2" xscale="0.86" yscale="0.86" offset="0" rotation="-1"/><component type="ear" component_id="006" theme_id="family" x="0" y="0" xscale="1" yscale="1" offset="0" rotation="0"/><component type="eye" component_id="001" theme_id="family" x="0" y="1" xscale="1.15" yscale="1.15" offset="1" rotation="0"/><component type="nose" component_id="014" theme_id="family" x="0" y="0" xscale="1" yscale="1" offset="0" rotation="0"/><component type="faceshape" component_id="002" theme_id="family" x="0" y="0" xscale="1" yscale="1" offset="0" rotation="0"/><component id="ID3324" type="facedecoration" component_id="024" theme_id="family" x="-11" y="-50" xscale="0.4" yscale="0.4" offset="0" rotation="-15"/><component id="ID200" type="facedecoration" component_id="024" theme_id="family" x="-4" y="-54" xscale="0.35" yscale="0.35" offset="0" rotation="12"/><component id="ID1485" type="facedecoration" component_id="001" theme_id="family" x="-78" y="48" xscale="6.43" yscale="6.43" offset="0" rotation="0"/><component id="ID1457" type="facedecoration" component_id="001" theme_id="family" x="-52" y="33" xscale="5.48" yscale="5.48" offset="0" rotation="0"/><component id="ID6348" type="facedecoration" component_id="001" theme_id="family" x="-72" y="14" xscale="4.68" yscale="4.68" offset="0" rotation="0"/><component id="ID1042" type="facedecoration" component_id="001" theme_id="family" x="-18" y="-36" xscale="1.85" yscale="1.85" offset="0" rotation="0"/><component id="ID2509" type="facedecoration" component_id="024" theme_id="family" x="8" y="-54" xscale="0.26" yscale="0.26" offset="0" rotation="16"/><component id="ID3596" type="facedecoration" component_id="001" theme_id="family" x="-60" y="43" xscale="6.14" yscale="6.14" offset="0" rotation="1"/><component type="hair" component_id="008" theme_id="family" x="0" y="0" xscale="1" yscale="1" offset="0" rotation="0"/><component id="ID6079" type="facedecoration" component_id="001" theme_id="family" x="-10" y="-11" xscale="2.62" yscale="2.62" offset="0" rotation="0"/><component id="ID9590" type="facedecoration" component_id="006" theme_id="family" x="15" y="-23" xscale="2.68" yscale="2.68" offset="0" rotation="-43"/><component id="ID1200" type="facedecoration" component_id="006" theme_id="family" x="8" y="-28" xscale="1.35" yscale="1.35" offset="0" rotation="38"/><component id="ID8568" type="facedecoration" component_id="005" theme_id="family" x="-53" y="-29" xscale="2.32" yscale="2.32" offset="0" rotation="52"/><component id="ID9787" type="facedecoration" component_id="005" theme_id="family" x="-39" y="-59" xscale="1.62" yscale="1.62" offset="0" rotation="82"/><component id="ID2338" type="facedecoration" component_id="005" theme_id="family" x="-14" y="-63" xscale="1.15" yscale="1.15" offset="0" rotation="86"/><component id="ID2156" type="facedecoration" component_id="005" theme_id="family" x="27" y="-97" xscale="1.64" yscale="1.64" offset="0" rotation="-164"/><component type="upper_body" component_id="adam_a006" theme_id="family" x="0" y="0" xscale="1" yscale="1" offset="0" rotation="0"/><component type="lower_body" component_id="adam_a006" theme_id="family" x="0" y="0" xscale="1" yscale="1" offset="0" rotation="0"/><component type="eyebrow" component_id="003" theme_id="family" x="0" y="0" xscale="1" yscale="1" offset="0" rotation="0"/><component id="ID9449" type="facedecoration" component_id="009" theme_id="family" x="2" y="8" xscale="1.25" yscale="1.25" offset="0" rotation="0"/><component id="ID4092" type="facedecoration" component_id="001" theme_id="family" x="-41" y="-8" xscale="2.65" yscale="2.65" offset="0" rotation="0"/><component id="ID8571" type="facedecoration" component_id="005" theme_id="family" x="22" y="-31" xscale="1.65" yscale="1.65" offset="0" rotation="-43"/><component type="glasses" component_id="008" theme_id="family" x="0" y="0" xscale="1" yscale="1" offset="0" rotation="0"/><component id="ID6657" type="facedecoration" component_id="069" theme_id="family" x="0" y="0" xscale="1" yscale="1" offset="0" rotation="0"/><component id="ID4048" type="facedecoration" component_id="043" theme_id="family" x="0" y="0" xscale="1" yscale="1" offset="0" rotation="0"/><component id="ID210" type="facedecoration" component_id="003" theme_id="family" x="29" y="-24" xscale="0.71" yscale="0.71" offset="0" rotation="-66"/><component id="ID3279" type="facedecoration" component_id="043" theme_id="family" x="80" y="48" xscale="1.22" yscale="1.22" offset="0" rotation="-91"/><component id="ID8497" type="facedecoration" component_id="043" theme_id="family" x="77" y="49" xscale="1.29" yscale="1.29" offset="0" rotation="-89"/><component id="ID6271" type="facedecoration" component_id="043" theme_id="family" x="72" y="46" xscale="1.33" yscale="1.33" offset="0" rotation="-91"/><component id="ID2636" type="facedecoration" component_id="043" theme_id="family" x="57" y="41" xscale="1.34" yscale="1.34" offset="0" rotation="-95"/><component id="ID1714" type="facedecoration" component_id="043" theme_id="family" x="70" y="44" xscale="1.44" yscale="1.44" offset="0" rotation="-93"/><component id="ID7047" type="facedecoration" component_id="043" theme_id="family" x="11" y="46" xscale="0.63" yscale="0.63" offset="0" rotation="4"/><component id="ID2879" type="facedecoration" component_id="043" theme_id="family" x="11" y="45" xscale="0.67" yscale="0.67" offset="0" rotation="-30"/><component id="ID6603" type="facedecoration" component_id="001" theme_id="family" x="-17" y="55" xscale="2.58" yscale="2.58" offset="0" rotation="0"/><component id="ID3611" type="facedecoration" component_id="043" theme_id="family" x="-1" y="35" xscale="0.83" yscale="0.83" offset="0" rotation="-180"/><component id="ID9372" type="facedecoration" component_id="043" theme_id="family" x="-8" y="-22" xscale="0.55" yscale="0.55" offset="0" rotation="159"/><component id="ID8445" type="facedecoration" component_id="043" theme_id="family" x="56" y="23" xscale="1.29" yscale="1.29" offset="0" rotation="-114"/><component id="ID3578" type="facedecoration" component_id="043" theme_id="family" x="-1" y="30" xscale="0.91" yscale="0.91" offset="0" rotation="-180"/><component id="ID2692" type="facedecoration" component_id="045" theme_id="family" x="27" y="73" xscale="3.73" yscale="3.73" offset="0" rotation="0"/></cc_char>