<?xml version="1.0" encoding="utf-8"?><cc_char xscale='0.75' yscale='0.75' hxscale='1.6' hyscale='1.6' headdx='1' headdy='18'><color r="ccSkinColor" oc="0xFFE1C4">0xF8BA92</color><color r="ccEyeLib">0xFFCE95</color><color r="ccEyeIris">0x442617</color><color r="ccGlassesFrame">0xBE10B0</color><color r="ccGlassesLens">0x737373</color><color r="ccMouthLip">0x891258</color><color r="ccMustache">0x2D1A0C</color><color r="ccBeard">0x2D1A0C</color><color r="ccEyebrow">0x6E411A</color><color r="ccUpperMain" oc="0x336699">0x8109A6</color><color r="ccUpperMinor" oc="0xE5E5E5">0x8109A6</color><color r="ccLowerMain" oc="0xCCBC9A">0x8109A6</color><color r="ccLowerMinor" oc="0xEEEEEE">0x8D0C09</color><color r="ccHairMajor">0x2D1A0C</color><color r="ccDecMajor" targetComponent="ID7454">0x98BCF4</color><color r="ccDecMajor" targetComponent="ID1678">0x8109A6</color><color r="ccDecMajor" targetComponent="ID6761">0x8109A6</color><color r="ccDecMajor" targetComponent="ID3004">0x8109A6</color><color r="ccDecMajor" targetComponent="ID2105">0x8109A6</color><color r="ccDecMajor" targetComponent="ID2376">0x8109A6</color><color r="ccDecMajor" targetComponent="ID4371">0x8109A6</color><color r="ccDecMajor" targetComponent="ID1358">0x8109A6</color><color r="ccDecMajor" targetComponent="ID5370">0x8109A6</color><color r="ccDecMajor" targetComponent="ID9950">0xDC81EA</color><color r="ccDecMajor" targetComponent="ID1974">0xDF7597</color><color r="ccDecMajor" targetComponent="ID6066">0xDF7597</color><color r="ccDecMajor" targetComponent="ID526">0x8D0C09</color><color r="ccDecMajor" targetComponent="ID5757">0x8D0C09</color><color r="ccDecMajor" targetComponent="ID3770">0x8D0C09</color><color r="ccDecMajor" targetComponent="ID6628">0x8D0C09</color><component type="bodyshape" component_id="adam" theme_id="family" x="0" y="0" xscale="1" yscale="1" offset="0" rotation="0"/><component type="skeleton" component_id="adam_001" theme_id="family" x="0" y="0" xscale="1" yscale="1" offset="0" rotation="0"/><component type="faceshape" component_id="033" theme_id="family" x="-30" y="-27" xscale="1.06" yscale="1.06" offset="0" rotation="92"/><component type="upper_body" component_id="adam_014" theme_id="family" x="0" y="0" xscale="1" yscale="1" offset="0" rotation="0"/><component type="hair" component_id="049" theme_id="family" x="2" y="6" xscale="1" yscale="1" offset="0" rotation="-1"/><component type="beard" component_id="001" theme_id="family" x="17" y="-35" xscale="2.54" yscale="2.54" offset="0" rotation="-89"/><component type="mustache" component_id="012" theme_id="family" x="10" y="-30" xscale="1.34" yscale="1.34" offset="0" rotation="-5"/><component type="ear" component_id="002" theme_id="family" x="2" y="-2" xscale="0.81" yscale="0.81" offset="0" rotation="0"/><component id="ID7454" type="facedecoration" component_id="045" theme_id="family" x="32" y="-14" xscale="1" yscale="1" offset="0" rotation="0"/><component type="eye" component_id="104" theme_id="family" x="0" y="10" xscale="1.24" yscale="1.24" offset="6" rotation="-6"/><component type="mouth" component_id="201" theme_id="family" x="-6" y="-2" xscale="0.57" yscale="0.57" offset="0" rotation="0"/><component type="nose" component_id="008" theme_id="family" x="-4" y="1" xscale="0.57" yscale="0.57" offset="0" rotation="0"/><component type="eyebrow" component_id="109" theme_id="family" x="0" y="9" xscale="1" yscale="1" offset="4" rotation="0"/><component type="lower_body" component_id="adam_002" theme_id="family" x="0" y="0" xscale="1" yscale="1" offset="0" rotation="0"/><component id="ID1678" type="facedecoration" component_id="031" theme_id="family" x="-4" y="-13" xscale="0.51" yscale="0.51" offset="0" rotation="160"/><component id="ID6761" type="facedecoration" component_id="010" theme_id="family" x="-21" y="30" xscale="1" yscale="1" offset="0" rotation="30"/><component id="ID3004" type="facedecoration" component_id="043" theme_id="family" x="38" y="2" xscale="1" yscale="1" offset="0" rotation="-155"/><component id="ID2105" type="facedecoration" component_id="043" theme_id="family" x="-41" y="4" xscale="1" yscale="1" offset="0" rotation="140"/><component id="ID2376" type="facedecoration" component_id="072" theme_id="family" x="17" y="63" xscale="1.22" yscale="1.22" offset="0" rotation="0"/><component id="ID4371" type="facedecoration" component_id="072" theme_id="family" x="2" y="64" xscale="1.33" yscale="1.33" offset="0" rotation="0"/><component id="ID1358" type="facedecoration" component_id="072" theme_id="family" x="-12" y="61" xscale="1.18" yscale="1.18" offset="0" rotation="1"/><component id="ID5370" type="facedecoration" component_id="072" theme_id="family" x="-23" y="59" xscale="1" yscale="1" offset="0" rotation="11"/><component id="ID9950" type="facedecoration" component_id="031" theme_id="family" x="-33" y="41" xscale="0.33" yscale="0.33" offset="0" rotation="73"/><component id="ID1974" type="facedecoration" component_id="043" theme_id="family" x="-12" y="6" xscale="1" yscale="1" offset="0" rotation="19"/><component id="ID6066" type="facedecoration" component_id="043" theme_id="family" x="-7" y="-1" xscale="0.91" yscale="0.91" offset="0" rotation="0"/><component id="ID526" type="facedecoration" component_id="043" theme_id="family" x="9" y="88" xscale="0.23" yscale="0.23" offset="0" rotation="-6"/><component id="ID5757" type="facedecoration" component_id="043" theme_id="family" x="-5" y="87" xscale="0.23" yscale="0.23" offset="0" rotation="0"/><component id="ID3770" type="facedecoration" component_id="072" theme_id="family" x="0" y="87" xscale="1.18" yscale="1.18" offset="0" rotation="-2"/><component id="ID6628" type="facedecoration" component_id="072" theme_id="family" x="-13" y="85" xscale="1.03" yscale="1.03" offset="0" rotation="-4"/></cc_char>