<?xml version="1.0" encoding="utf-8"?><cc_char xscale='1' yscale='1' hxscale='0.95' hyscale='0.95' headdx='-2' headdy='5'><color r="ccSkinColor">0xE2C294</color><color r="ccEyeLib">0xBD8764</color><color r="ccEyeIris">0x993333</color><color r="ccGlassesFrame">0xBE10B0</color><color r="ccGlassesLens">0x737373</color><color r="ccMouthLip">0xE47070</color><color r="ccEyebrow">0x151515</color><color r="ccBackMajor">0x000000</color><color r="ccBackMinor">0x000000</color><color r="ccUpperMain">0xCC3366</color><color r="ccUpperMinor">0xFFFAE6</color><color r="ccLowerMain">0xE8E9E2</color><color r="ccLowerMinor">0xCC3366</color><color r="ccHandMain">0xCC3366</color><color r="ccHairMajor">0x9AB03E</color><component type="bodyshape" component_id="default" theme_id="cc2" x="0" y="0" xscale="1" yscale="1" offset="0" rotation="0"/><component type="freeaction" component_id="default" theme_id="cc2" x="0" y="0" xscale="1" yscale="1" offset="0" rotation="0"/><component type="ear" component_id="003" theme_id="cc2" x="-2" y="-7" xscale="1" yscale="1" offset="0" rotation="6"/><component type="eye" component_id="019" theme_id="cc2" x="0" y="0" xscale="1.01" yscale="0.77" offset="2" rotation="2"/><component type="eyebrow" component_id="001" theme_id="cc2" x="0" y="1" xscale="1" yscale="1" offset="3" rotation="0"/><component type="mouth" component_id="001" theme_id="cc2" x="0" y="-1" xscale="1.05" yscale="0.96" offset="0" rotation="2"/><component type="faceshape" component_id="001" theme_id="cc2" x="-2" y="0" xscale="0.92" yscale="1" offset="0" rotation="1"/><component type="hair" component_id="172" theme_id="cc2" x="-1" y="-1" xscale="1" yscale="1" offset="0" rotation="0"/><component type="nose" component_id="005" theme_id="cc2" x="-4" y="-6" xscale="0.65" yscale="0.8" offset="0" rotation="0"/><library type="GoUpper" component_id="042" theme_id="cc2"/><library type="GoLower" component_id="007" theme_id="cc2"/><library type="GoHands" component_id="013" theme_id="cc2"/></cc_char>