<?xml version="1.0" encoding="utf-8"?><cc_char xscale='1' yscale='1' hxscale='1' hyscale='1' headdx='0' headdy='0'><color r="ccSkinColor" oc="0xFFE1C4">0xFF9900</color><color r="ccEyeLib">0xFF9900</color><color r="ccEyeIris">0x000000</color><color r="ccGlassesFrame">0xFF0000</color><color r="ccGlassesLens">0xFF0000</color><color r="ccMouthLip">0xFF6666</color><color r="ccMustache">0x8B6F18</color><color r="ccBeard">0xC29B22</color><color r="ccEyebrow">0x000000</color><color r="ccUpperMain" oc="0x336699">0x4477AA</color><color r="ccUpperMinor" oc="0xE5E5E5">0x9B3960</color><color r="ccLowerMain" oc="0xCCBC9A">0x935118</color><color r="ccLowerMinor" oc="0xEEEEEE">0x935118</color><color r="ccHairMajor">0xFF9900</color><color r="ccDecMajor" targetComponent="ID9757">0xFF9900</color><color r="ccDecMajor" targetComponent="ID7011">0x62360A</color><color r="ccDecMajor" targetComponent="ID5448">0xFFF083</color><color r="ccDecMajor" targetComponent="ID8314">0xEC78BB</color><color r="ccDecMajor" targetComponent="ID6307">0xC1BFB8</color><color r="ccDecMajor" targetComponent="ID5075">0xC83C3F</color><color r="ccDecMajor" targetComponent="ID1278">0xFFFFFF</color><color r="ccDecMajor" targetComponent="ID5654">0xFFFFFF</color><color r="ccDecMajor" targetComponent="ID6228">0x9D8095</color><color r="ccDecMajor" targetComponent="ID6955">0xFFFFFF</color><color r="ccDecMajor" targetComponent="ID4543">0xFFFFFF</color><component type="bodyshape" component_id="eve" theme_id="family" x="0" y="0" xscale="1" yscale="1" offset="0" rotation="0"/><component type="skeleton" component_id="eve_001" theme_id="family" x="0" y="0" xscale="1" yscale="1" offset="0" rotation="0"/><component type="faceshape" component_id="034" theme_id="family" x="0" y="1" xscale="0.99" yscale="0.95" offset="0" rotation="0"/><component type="upper_body" component_id="eve_011" theme_id="family" x="0" y="0" xscale="0.9" yscale="0.9" offset="0" rotation="0"/><component type="eye" component_id="102" theme_id="family" x="0" y="3" xscale="0.82" yscale="0.88" offset="-2" rotation="0"/><component type="mouth" component_id="201" theme_id="family" x="0" y="0" xscale="0.9" yscale="0.9" offset="0" rotation="0"/><component type="hair" component_id="081" theme_id="family" x="-1" y="3" xscale="0.95" yscale="0.95" offset="0" rotation="0"/><component id="ID9757" type="facedecoration" component_id="042" theme_id="family" x="0" y="0" xscale="0.9" yscale="0.9" offset="0" rotation="0"/><component type="lower_body" component_id="eve_006" theme_id="family" x="0" y="0" xscale="0.9" yscale="0.9" offset="0" rotation="0"/><component id="ID7011" type="facedecoration" component_id="043" theme_id="family" x="1" y="8" xscale="0.74" yscale="0.74" offset="0" rotation="-180"/><component id="ID5448" type="facedecoration" component_id="045" theme_id="family" x="11" y="44" xscale="2.12" yscale="2.12" offset="0" rotation="0"/><component id="ID8314" type="facedecoration" component_id="072" theme_id="family" x="-18" y="-19" xscale="1.54" yscale="1.54" offset="0" rotation="0"/><component id="ID6307" type="facedecoration" component_id="032" theme_id="family" x="6" y="-39" xscale="0.9" yscale="0.9" offset="0" rotation="0"/><component id="ID5075" type="facedecoration" component_id="057" theme_id="family" x="-3" y="-3" xscale="0.94" yscale="0.94" offset="0" rotation="0"/><component id="ID1278" type="facedecoration" component_id="072" theme_id="family" x="17" y="-59" xscale="0.9" yscale="0.9" offset="0" rotation="0"/><component id="ID5654" type="facedecoration" component_id="072" theme_id="family" x="0" y="-54" xscale="0.9" yscale="0.9" offset="0" rotation="0"/><component id="ID6228" type="facedecoration" component_id="072" theme_id="family" x="2" y="-68" xscale="1.2" yscale="1.2" offset="0" rotation="0"/><component id="ID6955" type="facedecoration" component_id="072" theme_id="family" x="21" y="-44" xscale="0.9" yscale="0.9" offset="0" rotation="0"/><component id="ID4543" type="facedecoration" component_id="072" theme_id="family" x="-17" y="-59" xscale="0.9" yscale="0.9" offset="0" rotation="0"/></cc_char>