<?xml version="1.0" encoding="utf-8"?><cc_char xscale='1' yscale='1' hxscale='1' hyscale='1' headdx='0' headdy='0'><color r="ccSkinColor" oc="0xFFE1C4">0xFFCE95</color><color r="ccEyeLib">0x281C3C</color><color r="ccEyeIris">0x000000</color><color r="ccGlassesFrame">0x000000</color><color r="ccGlassesLens">0x000000</color><color r="ccMouthLip">0x3C1C31</color><color r="ccMustache">0x8B6F18</color><color r="ccBeard">0xC29B22</color><color r="ccEyebrow">0x000000</color><color r="ccUpperMain" oc="0x336699">0x200056</color><color r="ccUpperMinor" oc="0xE5E5E5">0x750101</color><color r="ccLowerMain" oc="0xCCBC9A">0x03331D</color><color r="ccLowerMinor" oc="0xEEEEEE">0x1C253C</color><color r="ccHairMajor">0x57003C</color><color r="ccDecMajor" targetComponent="ID6082">0x063ABF</color><color r="ccDecMajor" targetComponent="ID9900">0x063ABF</color><color r="ccDecMajor" targetComponent="ID9875">0x063ABF</color><color r="ccDecMajor" targetComponent="ID7336">0x281C3C</color><color r="ccDecMajor" targetComponent="ID6329">0x063ABF</color><color r="ccDecMajor" targetComponent="ID7407">0x063ABF</color><color r="ccDecMajor" targetComponent="ID3608">0x063ABF</color><color r="ccDecMajor" targetComponent="ID8088">0x063ABF</color><color r="ccDecMajor" targetComponent="ID8946">0x063ABF</color><color r="ccDecMajor" targetComponent="ID5875">0x21405C</color><color r="ccDecMajor" targetComponent="ID9604">0x145051</color><color r="ccDecMajor" targetComponent="ID8063">0x1F3E5A</color><component type="bodyshape" component_id="eve" theme_id="family" x="0" y="0" xscale="1" yscale="1" offset="0" rotation="0"/><component type="skeleton" component_id="eve_001" theme_id="family" x="0" y="0" xscale="1" yscale="1" offset="0" rotation="0"/><component type="faceshape" component_id="034" theme_id="family" x="0" y="1" xscale="0.99" yscale="0.95" offset="0" rotation="0"/><component type="eye" component_id="102" theme_id="family" x="1" y="5" xscale="0.9" yscale="0.9" offset="-1" rotation="0"/><component type="nose" component_id="014" theme_id="family" x="-2" y="0" xscale="0.9" yscale="0.9" offset="0" rotation="0"/><component type="ear" component_id="001" theme_id="family" x="-2" y="0" xscale="0.9" yscale="0.9" offset="0" rotation="0"/><component type="hair" component_id="056" theme_id="family" x="-1" y="3" xscale="0.95" yscale="0.95" offset="0" rotation="0"/><component id="ID696" type="facedecoration" component_id="014" theme_id="family" x="0" y="0" xscale="0.9" yscale="0.9" offset="0" rotation="0"/><component id="ID7336" type="facedecoration" component_id="071" theme_id="family" x="-1" y="2" xscale="0.9" yscale="0.9" offset="0" rotation="0"/><component id="ID6082" type="facedecoration" component_id="005" theme_id="family" x="-27" y="36" xscale="2.31" yscale="2.31" offset="0" rotation="68"/><component id="ID9900" type="facedecoration" component_id="006" theme_id="family" x="17" y="-1" xscale="3.24" yscale="3.24" offset="0" rotation="-27"/><component id="ID9875" type="facedecoration" component_id="007" theme_id="family" x="-40" y="-42" xscale="1" yscale="1" offset="0" rotation="20"/><component id="ID6329" type="facedecoration" component_id="006" theme_id="family" x="0" y="0" xscale="2.23" yscale="2.23" offset="0" rotation="59"/><component id="ID7407" type="facedecoration" component_id="005" theme_id="family" x="-2" y="-93" xscale="2.26" yscale="2.26" offset="0" rotation="171"/><component id="ID3608" type="facedecoration" component_id="005" theme_id="family" x="48" y="-17" xscale="2.32" yscale="2.32" offset="0" rotation="-29"/><component id="ID8088" type="facedecoration" component_id="005" theme_id="family" x="75" y="-1" xscale="2.1" yscale="2.1" offset="0" rotation="-101"/><component id="ID8946" type="facedecoration" component_id="007" theme_id="family" x="22" y="-9" xscale="1.04" yscale="1.04" offset="0" rotation="-4"/><component id="ID2623" type="facedecoration" component_id="046" theme_id="family" x="0" y="0" xscale="0.9" yscale="0.9" offset="0" rotation="0"/><component type="upper_body" component_id="eve_a006" theme_id="family" x="0" y="0" xscale="0.9" yscale="0.9" offset="0" rotation="0"/><component id="ID5875" type="facedecoration" component_id="076" theme_id="family" x="0" y="0" xscale="0.9" yscale="0.9" offset="0" rotation="0"/><component id="ID9604" type="facedecoration" component_id="069" theme_id="family" x="0" y="0" xscale="0.9" yscale="0.9" offset="0" rotation="0"/><component id="ID4307" type="facedecoration" component_id="012" theme_id="family" x="-12" y="5" xscale="1.53" yscale="1.53" offset="0" rotation="0"/><component type="mouth" component_id="101" theme_id="family" x="0" y="0" xscale="0.9" yscale="0.9" offset="0" rotation="0"/><component id="ID7700" type="facedecoration" component_id="042" theme_id="family" x="0" y="0" xscale="0.9" yscale="0.9" offset="0" rotation="0"/><component id="ID8063" type="facedecoration" component_id="041" theme_id="family" x="0" y="0" xscale="0.9" yscale="0.9" offset="0" rotation="0"/><component type="lower_body" component_id="eve_010" theme_id="family" x="0" y="0" xscale="0.9" yscale="0.9" offset="0" rotation="0"/><component type="eyebrow" component_id="109" theme_id="family" x="0" y="6" xscale="0.9" yscale="0.9" offset="0" rotation="0"/></cc_char>