<?xml version="1.0" encoding="utf-8"?><cc_char xscale='1' yscale='1' hxscale='1' hyscale='1' headdx='0' headdy='0'><color r="ccSkinColor" oc="0xFFE1C4">0x744726</color><color r="ccEyeLib">0x744726</color><color r="ccEyeIris">0x000000</color><color r="ccGlassesFrame">0x000000</color><color r="ccGlassesLens">0x000000</color><color r="ccMouthLip">0xCA5F30</color><color r="ccMustache">0x333333</color><color r="ccBeard">0x360202</color><color r="ccEyebrow">0x333333</color><color r="ccUpperMain" oc="0x336699">0x999966</color><color r="ccUpperMinor" oc="0xE5E5E5">0xFFFFFF</color><color r="ccLowerMain" oc="0xCCBC9A">0x006666</color><color r="ccLowerMinor" oc="0xEEEEEE">0x333333</color><component type="bodyshape" component_id="rocky" theme_id="family" x="0" y="0" xscale="1" yscale="1" offset="0" rotation="0"/><component type="skeleton" component_id="rocky_001" theme_id="family" x="0" y="0" xscale="1" yscale="1" offset="0" rotation="0"/><component type="faceshape" component_id="021" theme_id="family" x="1" y="-1" xscale="0.99" yscale="0.95" offset="0" rotation="-2"/><component type="lower_body" component_id="rocky_001" theme_id="family" x="0" y="0" xscale="1" yscale="1" offset="0" rotation="0"/><component type="eyebrow" component_id="002" theme_id="family" x="0" y="6" xscale="1" yscale="1" offset="-2" rotation="0"/><component type="ear" component_id="010" theme_id="family" x="0" y="-2" xscale="1" yscale="1" offset="0" rotation="0"/><component type="beard" component_id="002" theme_id="family" x="-2" y="0" xscale="1" yscale="1" offset="0" rotation="0"/><component type="mustache" component_id="001" theme_id="family" x="0" y="2" xscale="1" yscale="1" offset="0" rotation="0"/><component type="hair" component_id="010" theme_id="family" x="0" y="0" xscale="1" yscale="1" offset="0" rotation="0"/><component type="eye" component_id="007" theme_id="family" x="0" y="1" xscale="1" yscale="1" offset="0" rotation="0"/><component type="nose" component_id="020" theme_id="family" x="-2" y="1" xscale="1" yscale="1" offset="0" rotation="0"/><component type="mouth" component_id="201" theme_id="family" x="0" y="-2" xscale="1" yscale="1" offset="0" rotation="0"/><component type="upper_body" component_id="rocky_001" theme_id="family" x="0" y="0" xscale="1" yscale="1" offset="0" rotation="0"/></cc_char>