<?xml version="1.0" encoding="utf-8"?><cc_char xscale='0.7' yscale='0.7' hxscale='1.5' hyscale='1.5' headdx='2' headdy='-2'><color r="ccSkinColor">0x4A5A67</color><color r="ccEyeLib">0xBD8764</color><color r="ccEyeIris">0x003333</color><color r="ccGlassesFrame">0xBE10B0</color><color r="ccGlassesLens">0x737373</color><color r="ccMouthLip">0xB7796A</color><color r="ccEyebrow">0x151515</color><color r="ccBackMajor">0x000000</color><color r="ccBackMinor">0x000000</color><color r="ccDecMajor" targetComponent="ID8401">0x000000</color><color r="ccDecMajor" targetComponent="ID1607">0x000000</color><color r="ccDecMajor" targetComponent="ID4970">0x5F4929</color><color r="ccDecMajor" targetComponent="ID1886">0x5F4929</color><component type="bodyshape" component_id="default" theme_id="cc2" x="0" y="0" xscale="1" yscale="1" offset="0" rotation="0"/><component type="freeaction" component_id="default" theme_id="cc2" x="0" y="0" xscale="1" yscale="1" offset="0" rotation="0"/><component type="faceshape" component_id="1004" theme_id="cc2" x="0" y="4" xscale="1.03" yscale="1.03" offset="0" rotation="0"/><component type="hair" component_id="1002" theme_id="cc2" x="0" y="24" xscale="1" yscale="1.33" offset="0" rotation="0"/><component type="mouth" component_id="1001" theme_id="cc2" x="-11" y="0" xscale="0.97" yscale="0.75" offset="0" rotation="0"/><component id="ID8401" type="facedecoration" component_id="008" theme_id="cc2" x="16" y="0" xscale="1.19" yscale="1.18" offset="0" rotation="0"/><component id="ID1607" type="facedecoration" component_id="008" theme_id="cc2" x="-49" y="-48" xscale="0.71" yscale="0.74" offset="0" rotation="0"/><component id="ID4970" type="facedecoration" component_id="2003" theme_id="cc2" x="13" y="-19" xscale="1.39" yscale="1.46" offset="0" rotation="-33"/><component id="ID1886" type="facedecoration" component_id="2003" theme_id="cc2" x="38" y="-27" xscale="1.22" yscale="1.36" offset="0" rotation="-53"/><component type="eye" component_id="1003" theme_id="cc2" x="0" y="-5" xscale="1" yscale="1" offset="16" rotation="0"/><library type="GoHands" component_id="1001" theme_id="cc2"/><library type="GoLower" component_id="1002" theme_id="cc2"/><library type="GoUpper" component_id="1002" theme_id="cc2"/></cc_char>