<?xml version="1.0" encoding="utf-8"?><cc_char xscale='0.71' yscale='0.71' hxscale='1.6' hyscale='1.6' headdx='0' headdy='0'><color r="ccSkinColor" oc="0xFFE1C4">0xFFA683</color><color r="ccEyeLib">0xFFA683</color><color r="ccEyeIris">0x007AA3</color><color r="ccGlassesFrame">0xBE10B0</color><color r="ccGlassesLens">0x737373</color><color r="ccMouthLip">0x891258</color><color r="ccMustache">0xDFA41C</color><color r="ccBeard">0xFFFFFF</color><color r="ccEyebrow">0x8E5E00</color><color r="ccUpperMain" oc="0x336699">0xEB557F</color><color r="ccUpperMinor" oc="0xE5E5E5">0xABDBD6</color><color r="ccLowerMain" oc="0xCCBC9A">0xEB557F</color><color r="ccLowerMinor" oc="0xEEEEEE">0x007C93</color><color r="ccHairMajor">0xDFA41C</color><color r="ccDecMajor" targetComponent="ID8596">0xEB557F</color><color r="ccDecMajor" targetComponent="ID7991">0xEB557F</color><color r="ccDecMajor" targetComponent="ID6065">0xDFA41C</color><color r="ccDecMajor" targetComponent="ID6684">0xDFA41C</color><color r="ccDecMajor" targetComponent="ID6200">0xCD3160</color><color r="ccDecMajor" targetComponent="ID1013">0xCD3160</color><color r="ccDecMajor" targetComponent="ID2605">0x007C93</color><color r="ccDecMajor" targetComponent="ID5690">0x007C93</color><color r="ccDecMinor" targetComponent="ID6200">0xCD3160</color><color r="ccDecMinor" targetComponent="ID1013">0xCD3160</color><component type="bodyshape" component_id="adam" theme_id="family" x="0" y="0" xscale="1" yscale="1" offset="0" rotation="0"/><component type="skeleton" component_id="adam_001" theme_id="family" x="0" y="0" xscale="1" yscale="1" offset="0" rotation="0"/><component type="faceshape" component_id="002" theme_id="family" x="-27" y="-9" xscale="1.07" yscale="1.07" offset="0" rotation="76"/><component type="upper_body" component_id="adam_012" theme_id="family" x="0" y="0" xscale="1" yscale="1" offset="0" rotation="0"/><component type="mustache" component_id="002" theme_id="family" x="-12" y="-74" xscale="1" yscale="1" offset="0" rotation="177"/><component type="hair" component_id="036" theme_id="family" x="-2" y="26" xscale="1.17" yscale="1.17" offset="0" rotation="1"/><component type="mouth" component_id="201" theme_id="family" x="0" y="7" xscale="1.09" yscale="1.09" offset="0" rotation="0"/><component id="ID8596" type="facedecoration" component_id="031" theme_id="family" x="-1" y="-15" xscale="0.48" yscale="0.48" offset="0" rotation="163"/><component id="ID7991" type="facedecoration" component_id="031" theme_id="family" x="-4" y="-5" xscale="0.53" yscale="0.53" offset="0" rotation="161"/><component id="ID6065" type="facedecoration" component_id="043" theme_id="family" x="50" y="11" xscale="0.42" yscale="0.42" offset="0" rotation="-117"/><component id="ID6684" type="facedecoration" component_id="043" theme_id="family" x="-42" y="11" xscale="0.39" yscale="0.39" offset="0" rotation="101"/><component id="ID6200" type="facedecoration" component_id="041" theme_id="family" x="15" y="7" xscale="0.36" yscale="0.36" offset="0" rotation="122"/><component id="ID1013" type="facedecoration" component_id="041" theme_id="family" x="-22" y="38" xscale="0.34" yscale="0.34" offset="0" rotation="-13"/><component type="eyebrow" component_id="109" theme_id="family" x="0" y="16" xscale="1" yscale="1" offset="4" rotation="0"/><component type="lower_body" component_id="adam_007" theme_id="family" x="0" y="0" xscale="1" yscale="1" offset="0" rotation="0"/><component id="ID2605" type="facedecoration" component_id="031" theme_id="family" x="7" y="70" xscale="0.19" yscale="0.19" offset="0" rotation="159"/><component id="ID5690" type="facedecoration" component_id="031" theme_id="family" x="-6" y="69" xscale="0.2" yscale="0.2" offset="0" rotation="160"/><component type="ear" component_id="002" theme_id="family" x="3" y="22" xscale="1.03" yscale="1.03" offset="0" rotation="0"/><component type="eye" component_id="102" theme_id="family" x="1" y="17" xscale="0.91" yscale="0.91" offset="6" rotation="0"/><component type="nose" component_id="002" theme_id="family" x="-24" y="2" xscale="0.55" yscale="0.55" offset="0" rotation="78"/></cc_char>