<?xml version="1.0" encoding="utf-8"?><cc_char xscale='0.7' yscale='0.7' hxscale='1' hyscale='1' headdx='0' headdy='0'><color r="ccSkinColor">0x005571</color><color r="ccEyeLib">0xBD8764</color><color r="ccEyeIris">0x003333</color><color r="ccMouthLip">0xB7796A</color><color r="ccEyebrow">0x421D0B</color><color r="ccUpperMain">0x1BA67C</color><color r="ccLowerMainA">0xCD9600</color><color r="ccFaceHairColor">0x321F1B</color><component type="bodyshape" component_id="default" theme_id="infographics" x="0" y="0" xscale="1" yscale="1" offset="0" rotation="0"/><component type="freeaction" component_id="default" theme_id="infographics" x="0" y="0" xscale="1" yscale="1" offset="0" rotation="0"/><component type="mouth" component_id="1001" theme_id="infographics" x="0" y="0" xscale="1" yscale="1" offset="0" rotation="0"/><component type="eye" component_id="1001" theme_id="infographics" x="0" y="0" xscale="1" yscale="1" offset="0" rotation="0" split="N"/><component type="eyebrow" component_id="1001" theme_id="infographics" x="0" y="0" xscale="1" yscale="1" offset="0" rotation="0" split="N"/><component type="nose" component_id="1001" theme_id="infographics" x="0" y="0" xscale="1" yscale="1" offset="0" rotation="0"/><component type="hair" component_id="1001" theme_id="infographics" x="0" y="0" xscale="1" yscale="1" offset="0" rotation="0"/><component type="faceshape" component_id="1001" theme_id="infographics" x="0" y="0" xscale="1" yscale="1" offset="0" rotation="0" split="N"/><library type="GoHands" component_id="1001" theme_id="infographics"/><library type="GoFeet" component_id="1001" theme_id="infographics"/><library type="GoLower" component_id="1001" theme_id="infographics"/><library type="GoUpper" component_id="1003" theme_id="infographics"/></cc_char>