<?xml version="1.0" encoding="utf-8"?><cc_char xscale='1' yscale='1' hxscale='1' hyscale='1' headdx='0' headdy='0'><color r="ccSkinColor" oc="0xFFE1C4">0x824215</color><color r="ccEyeLib">0xFFCE95</color><color r="ccEyeIris">0x000000</color><color r="ccGlassesFrame">0xBE10B0</color><color r="ccGlassesLens">0x737373</color><color r="ccMouthLip">0x891258</color><color r="ccMustache">0x000000</color><color r="ccBeard">0x000000</color><color r="ccEyebrow">0x000000</color><color r="ccHairMajor">0x000000</color><color r="ccHairMinor">0x640F0F</color><color r="ccUpperMain" oc="0x336699">0xA501B1</color><color r="ccUpperMinor" oc="0xE5E5E5">0x00FF77</color><color r="ccLowerMain" oc="0xCCBC9A">0x000000</color><color r="ccLowerMinor" oc="0xEEEEEE">0xFF0000</color><color r="ccDecMajor" targetComponent="ID6353">0xA501B1</color><color r="ccDecMajor" targetComponent="ID7199">0x0027D8</color><component type="bodyshape" component_id="adam" theme_id="family" x="0" y="0" xscale="1" yscale="1" offset="0" rotation="0"/><component type="skeleton" component_id="adam_001" theme_id="family" x="0" y="0" xscale="1" yscale="1" offset="0" rotation="0"/><component type="upper_body" component_id="adam_005" theme_id="family" x="0" y="0" xscale="1" yscale="1" offset="0" rotation="0"/><component type="lower_body" component_id="adam_001" theme_id="family" x="0" y="0" xscale="1" yscale="1" offset="0" rotation="0"/><component type="faceshape" component_id="001" theme_id="family" x="0" y="0" xscale="1" yscale="1" offset="0" rotation="0"/><component type="hair" component_id="008" theme_id="family" x="0" y="0" xscale="1" yscale="1" offset="0" rotation="0"/><component type="eyebrow" component_id="003" theme_id="family" x="0" y="0" xscale="1" yscale="1" offset="0" rotation="0"/><component type="nose" component_id="001" theme_id="family" x="0" y="0" xscale="1" yscale="1" offset="0" rotation="0"/><component type="eye" component_id="204" theme_id="family" x="0" y="0" xscale="1" yscale="1" offset="0" rotation="0"/><component type="ear" component_id="010" theme_id="family" x="0" y="0" xscale="1" yscale="1" offset="0" rotation="0"/><component type="mouth" component_id="201" theme_id="family" x="0" y="0" xscale="1" yscale="1" offset="0" rotation="0"/><component type="beard" component_id="001" theme_id="family" x="20" y="-16" xscale="1" yscale="1" offset="0" rotation="-55"/><component id="ID6353" type="facedecoration" component_id="053" theme_id="family" x="-18" y="19" xscale="1.56" yscale="1.56" offset="0" rotation="0"/><component id="ID4062" type="facedecoration" component_id="012" theme_id="family" x="0" y="-5" xscale="1.26" yscale="1.26" offset="0" rotation="0"/><component id="ID7199" type="facedecoration" component_id="006" theme_id="family" x="26" y="-35" xscale="1" yscale="1" offset="0" rotation="150"/><component id="ID4166" type="facedecoration" component_id="048" theme_id="family" x="1" y="0" xscale="1" yscale="1" offset="0" rotation="0"/></cc_char>