<cc_char file_name='ugc.char.C-1012-1588452985513.xml' scale='1' yscale='1' hxscale='1' hyscale='1' headdx='0' headdy='0'><color r="ccSkinColor">0x333333</color><color r="ccEyeLib">0xBD8764</color><color r="ccEyeIris">0x000000</color><color r="ccGlassesFrame">0xBE10B0</color><color r="ccGlassesLens">0x737373</color><color r="ccMouthLip">0xB7796A</color><color r="ccEyebrow">0xFFFFFF</color><color r="ccBackMajor">0x000000</color><color r="ccBackMinor">0x000000</color><color r="ccUpperMain">0x333333</color><color r="ccLowerMain">0x333333</color><color r="ccLowerMinor">0x333333</color><color r="ccDecMajor" targetComponent="ID7942">0xFFFFFF</color><color r="ccDecMajor" targetComponent="ID4976">0xFFFFFF</color><color r="ccDecMajor" targetComponent="ID9070">0xFFFFFF</color><color r="ccDecMajor" targetComponent="ID5331">0xFFFFFF</color><component type="bodyshape" component_id="default" theme_id="cc2" x="0" y="0" xscale="1" yscale="1" offset="0" rotation="0"/><component type="freeaction" component_id="default" theme_id="cc2" x="0" y="0" xscale="1" yscale="1" offset="0" rotation="0"/><component type="faceshape" component_id="2001" theme_id="cc2" x="0" y="0" xscale="1" yscale="1" offset="0" rotation="0"/><component type="hair" component_id="1003" theme_id="cc2" x="0" y="-1" xscale="0.7" yscale="0.7" offset="0" rotation="0"/><component type="eye" component_id="002" theme_id="cc2" x="0" y="1" xscale="0.89" yscale="0.89" offset="-6" rotation="0"/><component type="eyebrow" component_id="003" theme_id="cc2" x="0" y="4" xscale="0.93" yscale="0.93" offset="0" rotation="-9"/><component type="nose" component_id="1002" theme_id="cc2" x="27" y="22" xscale="1.55" yscale="1.55" offset="0" rotation="-4"/><component type="mouth" component_id="007" theme_id="cc2" x="-7" y="-1" xscale="0.79" yscale="0.79" offset="0" rotation="2"/><component id="ID7942" type="facedecoration" component_id="072" theme_id="cc2" x="-1" y="0" xscale="1.03" yscale="1.03" offset="0" rotation="0"/><component id="ID4976" type="facedecoration" component_id="041" theme_id="cc2" x="-3" y="-4" xscale="1.03" yscale="1.03" offset="0" rotation="-5"/><component id="ID9070" type="facedecoration" component_id="031" theme_id="cc2" x="-24" y="-31" xscale="0.3" yscale="0.3" offset="0" rotation="90"/><component id="ID5331" type="facedecoration" component_id="031" theme_id="cc2" x="-24" y="-48" xscale="0.3" yscale="0.3" offset="0" rotation="90"/><library type="GoUpper" component_id="258" theme_id="cc2"/><library type="GoLower" component_id="1001" theme_id="cc2"/><library type="GoHands" component_id="1001" theme_id="cc2"/></cc_char>