<?xml version="1.0" encoding="utf-8"?><cc_char xscale='0.7' yscale='0.7' hxscale='1.5' hyscale='1.5' headdx='0' headdy='1'><color r="ccSkinColor">0xD4B05A</color><color r="ccEyeLib">0xBD8764</color><color r="ccEyeIris">0x003333</color><color r="ccGlassesFrame">0xBE10B0</color><color r="ccGlassesLens">0x737373</color><color r="ccMouthLip">0xB7796A</color><color r="ccEyebrow">0x421D0B</color><color r="ccBackMajor">0x000000</color><color r="ccBackMinor">0x000000</color><component type="bodyshape" component_id="default" theme_id="cc2" x="0" y="0" xscale="1" yscale="1" offset="0" rotation="0"/><component type="freeaction" component_id="default" theme_id="cc2" x="0" y="0" xscale="1" yscale="1" offset="0" rotation="0"/><component type="hair" component_id="1002" theme_id="cc2" x="0" y="20" xscale="1.27" yscale="1.2" offset="0" rotation="0"/><component type="faceshape" component_id="1002" theme_id="cc2" x="0" y="0" xscale="1" yscale="1" offset="0" rotation="0"/><component type="eye" component_id="1003" theme_id="cc2" x="0" y="0" xscale="1" yscale="1" offset="24" rotation="-8"/><component type="mouth" component_id="1003" theme_id="cc2" x="-9" y="0" xscale="0.83" yscale="0.71" offset="0" rotation="0"/><component id="ID3267" type="facedecoration" component_id="1004" theme_id="cc2" x="1" y="0" xscale="1" yscale="1" offset="0" rotation="0"/><component id="ID6779" type="facedecoration" component_id="1003" theme_id="cc2" x="-2" y="0" xscale="0.88" yscale="0.89" offset="0" rotation="0"/><component id="ID4005" type="facedecoration" component_id="1006" theme_id="cc2" x="-5" y="0" xscale="1" yscale="1" offset="0" rotation="9"/><library type="GoHands" component_id="1001" theme_id="cc2"/><library type="GoLower" component_id="1002" theme_id="cc2"/><library type="GoUpper" component_id="1002" theme_id="cc2"/></cc_char>