<?xml version="1.0" encoding="utf-8"?><cc_char xscale='1' yscale='1' hxscale='1' hyscale='1' headdx='0' headdy='0'><color r="ccSkinColor" oc="0xFFE1C4">0xFFBD51</color><color r="ccEyeLib">0xFFBD51</color><color r="ccEyeIris">0x000000</color><color r="ccGlassesFrame">0x723321</color><color r="ccGlassesLens">0x872914</color><color r="ccMouthLip">0x891258</color><color r="ccMustache">0x000000</color><color r="ccBeard">0xFFFFFF</color><color r="ccEyebrow">0x000000</color><color r="ccHairMajor">0x996633</color><color r="ccHairMinor">0x640F0F</color><color r="ccUpperMain" oc="0x336699">0xFFC40E</color><color r="ccUpperMinor" oc="0xE5E5E5">0xFFFFFF</color><color r="ccLowerMain" oc="0xCCBC9A">0x4982FF</color><color r="ccLowerMinor" oc="0xEEEEEE">0xFF0000</color><color r="ccDecMajor" targetComponent="ID6563">0x723321</color><color r="ccDecMajor" targetComponent="ID6452">0xFFBD51</color><color r="ccDecMajor" targetComponent="ID3216">0xFFBD51</color><color r="ccDecMajor" targetComponent="ID1594">0xFDBFCF</color><color r="ccDecMajor" targetComponent="ID8179">0xFDBFCF</color><component type="bodyshape" component_id="adam" theme_id="family" x="0" y="0" xscale="1" yscale="1" offset="0" rotation="0"/><component type="skeleton" component_id="adam_001" theme_id="family" x="0" y="0" xscale="1" yscale="1" offset="0" rotation="0"/><component type="upper_body" component_id="adam_a008" theme_id="family" x="0" y="0" xscale="1" yscale="1" offset="0" rotation="0"/><component type="lower_body" component_id="adam_004" theme_id="family" x="0" y="0" xscale="1" yscale="1" offset="0" rotation="0"/><component type="nose" component_id="025" theme_id="family" x="1" y="3" xscale="1" yscale="1" offset="0" rotation="0"/><component id="ID6563" type="facedecoration" component_id="043" theme_id="family" x="21" y="-13" xscale="0.34" yscale="0.34" offset="0" rotation="0"/><component id="ID6452" type="facedecoration" component_id="072" theme_id="family" x="11" y="-69" xscale="1.81" yscale="1.81" offset="0" rotation="90"/><component id="ID3216" type="facedecoration" component_id="072" theme_id="family" x="-11" y="-69" xscale="1.81" yscale="1.81" offset="0" rotation="76"/><component id="ID1594" type="facedecoration" component_id="072" theme_id="family" x="11" y="-69" xscale="1.07" yscale="1.07" offset="0" rotation="92"/><component id="ID8179" type="facedecoration" component_id="072" theme_id="family" x="-11" y="-69" xscale="1.07" yscale="1.07" offset="0" rotation="71"/><component type="eyebrow" component_id="105" theme_id="family" x="0" y="0" xscale="1" yscale="1" offset="0" rotation="0"/><component type="glasses" component_id="013" theme_id="family" x="0" y="0" xscale="1" yscale="1" offset="0" rotation="0"/><component type="eye" component_id="001" theme_id="family" x="0" y="0" xscale="1" yscale="1" offset="0" rotation="0"/><component type="faceshape" component_id="002" theme_id="family" x="0" y="0" xscale="1" yscale="1" offset="0" rotation="0"/><component type="mouth" component_id="201" theme_id="family" x="0" y="0" xscale="1" yscale="1" offset="0" rotation="0"/></cc_char>