<?xml version="1.0" encoding="utf-8"?><cc_char xscale='1' yscale='1' hxscale='1' hyscale='1' headdx='0' headdy='0'><color r="ccSkinColor" oc="0xFFE1C4">0xFFCE95</color><color r="ccEyeLib">0xFFCE95</color><color r="ccEyeIris">0x000000</color><color r="ccGlassesFrame">0x134883</color><color r="ccGlassesLens">0x1F6490</color><color r="ccMouthLip">0x891258</color><color r="ccMustache">0x000000</color><color r="ccBeard">0x000000</color><color r="ccEyebrow">0x003A8D</color><color r="ccUpperMain" oc="0x336699">0x006283</color><color r="ccUpperMinor" oc="0xE5E5E5">0xA90000</color><color r="ccLowerMain" oc="0xCCBC9A">0xB60000</color><color r="ccLowerMinor" oc="0xEEEEEE">0x570000</color><color r="ccDecMajor" targetComponent="ID3142">0x042E99</color><color r="ccHairMajor">0x00AF4C</color><color r="ccDecMajor" targetComponent="ID4423">0xFB973B</color><component type="bodyshape" component_id="adam" theme_id="family" x="0" y="0" xscale="1" yscale="1" offset="0" rotation="0"/><component type="skeleton" component_id="adam_001" theme_id="family" x="0" y="0" xscale="1" yscale="1" offset="0" rotation="0"/><component type="faceshape" component_id="001" theme_id="family" x="0" y="0" xscale="1" yscale="1" offset="0" rotation="0"/><component type="nose" component_id="001" theme_id="family" x="0" y="0" xscale="1" yscale="1" offset="0" rotation="0"/><component type="ear" component_id="006" theme_id="family" x="0" y="0" xscale="1" yscale="1" offset="0" rotation="0"/><component id="ID3142" type="facedecoration" component_id="1004" theme_id="family" x="1" y="-8" xscale="0.82" yscale="0.82" offset="0" rotation="0"/><component type="hair" component_id="001b" theme_id="family" x="4" y="-17" xscale="0.98" yscale="0.98" offset="0" rotation="0"/><component id="ID4423" type="facedecoration" component_id="1004" theme_id="family" x="17" y="-14" xscale="0.71" yscale="0.71" offset="0" rotation="-14"/><component type="eyebrow" component_id="002" theme_id="family" x="0" y="0" xscale="1" yscale="1" offset="0" rotation="0"/><component type="mouth" component_id="009" theme_id="family" x="0" y="0" xscale="1" yscale="1" offset="0" rotation="0"/><component type="upper_body" component_id="adam_017" theme_id="family" x="0" y="0" xscale="1" yscale="1" offset="0" rotation="0"/><component type="lower_body" component_id="adam_014" theme_id="family" x="0" y="0" xscale="1" yscale="1" offset="0" rotation="0"/><component id="ID1499" type="facedecoration" component_id="003" theme_id="family" x="29" y="-9" xscale="1" yscale="1" offset="0" rotation="-53"/><component id="ID1347" type="facedecoration" component_id="010" theme_id="family" x="6" y="-4" xscale="0.52" yscale="0.52" offset="0" rotation="0"/><component id="ID2706" type="facedecoration" component_id="008" theme_id="family" x="3" y="1" xscale="0.85" yscale="0.85" offset="0" rotation="0"/><component type="eye" component_id="004" theme_id="family" x="0" y="0" xscale="1" yscale="1" offset="0" rotation="0"/><component id="ID8183" type="facedecoration" component_id="012" theme_id="family" x="0" y="0" xscale="1" yscale="1" offset="0" rotation="0"/><component id="ID7665" type="facedecoration" component_id="045" theme_id="family" x="0" y="0" xscale="1" yscale="1" offset="0" rotation="0"/><component type="glasses" component_id="016" theme_id="family" x="0" y="0" xscale="1" yscale="1" offset="0" rotation="0"/></cc_char>