<?xml version="1.0" encoding="utf-8"?><cc_char xscale='1' yscale='1' hxscale='1' hyscale='1' headdx='0' headdy='0'><color r="ccSkinColor" oc="0xFFE1C4">0x9D733E</color><color r="ccEyeLib">0x9D733E</color><color r="ccEyeIris">0x000000</color><color r="ccGlassesFrame">0xBE10B0</color><color r="ccGlassesLens">0x737373</color><color r="ccMouthLip">0x891258</color><color r="ccMustache">0x000000</color><color r="ccBeard">0xFFFFFF</color><color r="ccEyebrow">0x996633</color><color r="ccUpperMain" oc="0x336699">0xFF26FF</color><color r="ccUpperMinor" oc="0xE5E5E5">0x9A37B3</color><color r="ccLowerMain" oc="0xCCBC9A">0xFF9D00</color><color r="ccLowerMinor" oc="0xEEEEEE">0xFFFFFF</color><color r="ccHairMajor">0x442200</color><component type="bodyshape" component_id="adam" theme_id="family" x="0" y="0" xscale="1" yscale="1" offset="0" rotation="0"/><component type="skeleton" component_id="adam_001" theme_id="family" x="0" y="0" xscale="1" yscale="1" offset="0" rotation="0"/><component type="faceshape" component_id="001" theme_id="family" x="0" y="0" xscale="1" yscale="1" offset="0" rotation="0"/><component type="eyebrow" component_id="003" theme_id="family" x="0" y="0" xscale="1" yscale="1" offset="0" rotation="0"/><component type="nose" component_id="001" theme_id="family" x="0" y="0" xscale="1" yscale="1" offset="0" rotation="0"/><component type="upper_body" component_id="adam_002" theme_id="family" x="0" y="0" xscale="1" yscale="1" offset="0" rotation="0"/><component type="lower_body" component_id="adam_007" theme_id="family" x="0" y="0" xscale="1" yscale="1" offset="0" rotation="0"/><component type="hair" component_id="048" theme_id="family" x="0" y="0" xscale="1" yscale="1" offset="0" rotation="0"/><component type="ear" component_id="006" theme_id="family" x="0" y="0" xscale="1" yscale="1" offset="0" rotation="0"/><component type="mouth" component_id="001" theme_id="family" x="0" y="0" xscale="1" yscale="1" offset="0" rotation="0"/><component type="eye" component_id="004" theme_id="family" x="0" y="0" xscale="1" yscale="1" offset="0" rotation="0"/></cc_char>