<cc_char xscale='1' yscale='1' hxscale='1' hyscale='1' headdx='0' headdy='0'><color r="ccSkinColor" oc="0xFFE1C4">0xFFD49D</color><color r="ccEyeLib">0xFFCE95</color><color r="ccEyeIris">0x229188</color><color r="ccGlassesFrame">0xDBAF40</color><color r="ccGlassesLens">0x737373</color><color r="ccMouthLip">0xCA3030</color><color r="ccMustache">0xA27414</color><color r="ccBeard">0xA27414</color><color r="ccEyebrow">0xA27414</color><color r="ccUpperMain" oc="0x336699">0x666666</color><color r="ccUpperMinor" oc="0xE5E5E5">0xCCCCCC</color><color r="ccLowerMain" oc="0xCCBC9A">0x404040</color><color r="ccLowerMinor" oc="0xEEEEEE">0x333333</color><color r="ccHairMajor">0xA27414</color><color r="ccDecMajor" targetComponent="ID6794">0xDBAF40</color><component type="bodyshape" component_id="adam" theme_id="family" x="0" y="0" xscale="1" yscale="1" offset="0" rotation="0"/><component type="skeleton" component_id="adam_001" theme_id="family" x="0" y="0" xscale="1" yscale="1" offset="0" rotation="0"/><component type="lower_body" component_id="adam_001" theme_id="family" x="0" y="0" xscale="1" yscale="1" offset="0" rotation="0"/><component type="mouth" component_id="001" theme_id="family" x="-3" y="-3" xscale="0.81" yscale="0.81" offset="0" rotation="-1"/><component type="beard" component_id="006" theme_id="family" x="-1" y="1" xscale="1.06" yscale="1.06" offset="0" rotation="0"/><component type="hair" component_id="004" theme_id="family" x="0" y="0" xscale="1" yscale="1" offset="0" rotation="0"/><component type="faceshape" component_id="009" theme_id="family" x="-2" y="0" xscale="0.97" yscale="0.97" offset="0" rotation="0"/><component type="ear" component_id="003" theme_id="family" x="-2" y="0" xscale="1.05" yscale="1.05" offset="0" rotation="-2"/><component type="mustache" component_id="010" theme_id="family" x="3" y="-14" xscale="0.93" yscale="0.93" offset="0" rotation="100"/><component type="eye" component_id="001" theme_id="family" x="0" y="0" xscale="0.91" yscale="0.71" offset="0" rotation="0"/><component type="nose" component_id="027" theme_id="family" x="0" y="1" xscale="0.93" yscale="0.93" offset="0" rotation="0"/><component type="eyebrow" component_id="106" theme_id="family" x="0" y="1" xscale="1" yscale="1" offset="0" rotation="0"/><component type="glasses" component_id="012" theme_id="family" x="1" y="0" xscale="0.76" yscale="0.76" offset="0" rotation="0"/><component id="ID5440" type="facedecoration" component_id="015" theme_id="family" x="28" y="-15" xscale="0.69" yscale="0.69" offset="0" rotation="-125"/><component id="ID6794" type="facedecoration" component_id="007" theme_id="family" x="-3" y="-40" xscale="0.86" yscale="0.86" offset="0" rotation="70"/><component type="upper_body" component_id="adam_002" theme_id="family" x="0" y="0" xscale="1" yscale="1" offset="0" rotation="0"/></cc_char>