<?xml version="1.0" encoding="utf-8"?><cc_char xscale='1' yscale='1' hxscale='1' hyscale='1' headdx='0' headdy='0'><color r="ccSkinColor">0xBE996E</color><color r="ccEyeLib">0xBD8764</color><color r="ccEyeIris">0x003333</color><color r="ccGlassesFrame">0xBE10B0</color><color r="ccGlassesLens">0x737373</color><color r="ccMouthLip">0xB7796A</color><color r="ccEyebrow">0x333333</color><color r="ccBackMajor">0x000000</color><color r="ccBackMinor">0x000000</color><color r="ccUpperMain">0x999933</color><color r="ccLowerMinor">0x9E7E50</color><color r="ccLowerMain">0x775F3C</color><color r="ccHairMinor">0xAF9350</color><component type="bodyshape" component_id="default" theme_id="cc2" x="0" y="0" xscale="1" yscale="1" offset="0" rotation="0"/><component type="freeaction" component_id="default" theme_id="cc2" x="0" y="0" xscale="1" yscale="1" offset="0" rotation="0"/><component type="ear" component_id="003" theme_id="cc2" x="-3" y="-7" xscale="1" yscale="1" offset="0" rotation="6"/><component type="mouth" component_id="008" theme_id="cc2" x="-2" y="-3" xscale="0.83" yscale="0.79" offset="0" rotation="0"/><component type="faceshape" component_id="037" theme_id="cc2" x="-1" y="-5" xscale="0.98" yscale="0.92" offset="0" rotation="0"/><component type="hair" component_id="192" theme_id="cc2" x="-5" y="1" xscale="1" yscale="1" offset="0" rotation="5"/><component type="eye" component_id="1003" theme_id="cc2" x="0" y="-1" xscale="0.9" yscale="0.52" offset="0" rotation="2"/><component type="eyebrow" component_id="005" theme_id="cc2" x="-2" y="0" xscale="1" yscale="1" offset="0" rotation="0"/><component type="nose" component_id="019" theme_id="cc2" x="-10" y="-13" xscale="0.36" yscale="0.36" offset="0" rotation="0"/><library type="GoHands" component_id="001" theme_id="cc2"/><library type="GoUpper" component_id="278" theme_id="cc2"/><library type="GoLower" component_id="020" theme_id="cc2"/></cc_char>