<?xml version="1.0" encoding="utf-8"?><cc_char xscale='0.7' yscale='0.7' hxscale='1.5' hyscale='1.5' headdx='0' headdy='0'><color r="ccSkinColor">0x59D42C</color><color r="ccEyeLib">0xBD8764</color><color r="ccEyeIris">0x003333</color><color r="ccGlassesFrame">0xBE10B0</color><color r="ccGlassesLens">0x737373</color><color r="ccMouthLip">0xB7796A</color><color r="ccEyebrow">0x0011FF</color><color r="ccUpperMain">0x06FFD5</color><color r="ccUpperMinor">0x1E05FF</color><color r="ccBackMajor">0x00FF11</color><color r="ccFaceHairColor">0x0011FF</color><color r="ccBackMinor">0x0011FF</color><color r="ccDecMajor" targetComponent="ID7083">0x06FFD5</color><color r="ccDecMajor" targetComponent="ID7731">0x2E18F2</color><component type="bodyshape" component_id="default" theme_id="cc2" x="0" y="0" xscale="1" yscale="1" offset="0" rotation="0"/><component type="freeaction" component_id="default" theme_id="cc2" x="0" y="0" xscale="1" yscale="1" offset="0" rotation="0"/><component type="eye" component_id="1001" theme_id="cc2" x="2" y="-8" xscale="1.19" yscale="1.17" offset="26" rotation="0"/><component type="faceshape" component_id="1003" theme_id="cc2" x="0" y="0" xscale="1" yscale="1" offset="0" rotation="0"/><component type="hair" component_id="1005" theme_id="cc2" x="0" y="0" xscale="1" yscale="1" offset="0" rotation="5"/><component type="mouth" component_id="1005" theme_id="cc2" x="3" y="-1" xscale="0.82" yscale="0.82" offset="0" rotation="-3"/><component type="nose" component_id="1003" theme_id="cc2" x="2" y="-1" xscale="1" yscale="1" offset="0" rotation="0"/><component type="eyebrow" component_id="001" theme_id="cc2" x="2" y="-14" xscale="1" yscale="1" offset="28" rotation="-21"/><component id="ID7083" type="facedecoration" component_id="091" theme_id="cc2" x="0" y="-49" xscale="0.62" yscale="0.62" offset="0" rotation="0"/><component id="ID7731" type="facedecoration" component_id="1006" theme_id="cc2" x="8" y="-16" xscale="0.79" yscale="0.79" offset="0" rotation="0"/><library type="GoHands" component_id="1001" theme_id="cc2"/><library type="GoUpper" component_id="1007" theme_id="cc2"/><library type="GoLower" component_id="1002" theme_id="cc2"/><library type="GoBehindBody" component_id="006" theme_id="cc2"/></cc_char>