<?xml version="1.0" encoding="utf-8"?><cc_char xscale='0.8' yscale='0.8' hxscale='1.19' hyscale='1.19' headdx='0' headdy='10'><color r="ccSkinColor" oc="0xFFE1C4">0xF9D492</color><color r="ccEyeLib">0xCC9966</color><color r="ccEyeIris">0x000000</color><color r="ccGlassesFrame">0xFFFFFF</color><color r="ccGlassesLens">0xD8E8E8</color><color r="ccMouthLip">0xCC6666</color><color r="ccMustache">0x391503</color><color r="ccBeard">0xC1BFB8</color><color r="ccEyebrow">0x000000</color><color r="ccUpperMain" oc="0x336699">0xEFE4B0</color><color r="ccUpperMinor" oc="0xE5E5E5">0xEFE4B0</color><color r="ccLowerMain" oc="0xCCBC9A">0xEFE4B0</color><color r="ccLowerMinor" oc="0xEEEEEE">0xEFE4B0</color><color r="ccHairMajor">0x391503</color><component type="bodyshape" component_id="adam" theme_id="family" x="0" y="0" xscale="1" yscale="1" offset="0" rotation="0"/><component type="skeleton" component_id="adam_001" theme_id="family" x="0" y="0" xscale="1" yscale="1" offset="0" rotation="0"/><component type="nose" component_id="009" theme_id="family" x="-1" y="-25" xscale="-0.34" yscale="-0.34" offset="0" rotation="149"/><component type="mouth" component_id="009" theme_id="family" x="5" y="-22" xscale="-1.8" yscale="-0.49" offset="0" rotation="-180"/><component type="faceshape" component_id="033" theme_id="family" x="1" y="-62" xscale="-1.32" yscale="-1.13" offset="0" rotation="-4"/><component type="eye" component_id="006" theme_id="family" x="0" y="1" xscale="1" yscale="0.8" offset="-11" rotation="0"/><component type="upper_body" component_id="adam_a008" theme_id="family" x="0" y="0" xscale="1" yscale="1" offset="0" rotation="0"/><component type="hair" component_id="036" theme_id="family" x="2" y="14" xscale="1.22" yscale="1.22" offset="0" rotation="0"/><component type="lower_body" component_id="adam_003" theme_id="family" x="0" y="0" xscale="1" yscale="1" offset="0" rotation="0"/></cc_char>