<?xml version="1.0" encoding="utf-8"?><cc_char xscale='1' yscale='1' hxscale='1' hyscale='1' headdx='0' headdy='0'><color r="ccSkinColor" oc="0xFFE1C4">0x42413D</color><color r="ccEyeLib">0x42413D</color><color r="ccEyeIris">0xEBB406</color><color r="ccGlassesFrame">0x000000</color><color r="ccGlassesLens">0x737373</color><color r="ccMouthLip">0x891258</color><color r="ccMustache">0x000000</color><color r="ccBeard">0x000000</color><color r="ccEyebrow">0x000000</color><color r="ccUpperMain" oc="0x336699">0x202125</color><color r="ccUpperMinor" oc="0xE5E5E5">0xA09083</color><color r="ccLowerMain" oc="0xCCBC9A">0x877B6F</color><color r="ccLowerMinor" oc="0xEEEEEE">0x877B6F</color><color r="ccHairMajor">0x000000</color><color r="ccDecMajor" targetComponent="ID3375">0x000000</color><color r="ccDecMajor" targetComponent="ID5224">0x000000</color><color r="ccDecMajor" targetComponent="ID479">0x000000</color><color r="ccDecMinor" targetComponent="ID479">0x000000</color><color r="ccDecMajor" targetComponent="ID4117">0x000000</color><component type="bodyshape" component_id="adam" theme_id="family" x="0" y="0" xscale="1" yscale="1" offset="0" rotation="0"/><component type="skeleton" component_id="adam_001" theme_id="family" x="0" y="0" xscale="1" yscale="1" offset="0" rotation="0"/><component type="mouth" component_id="009" theme_id="family" x="0" y="0" xscale="1" yscale="1" offset="0" rotation="0"/><component type="mustache" component_id="007" theme_id="family" x="0" y="0" xscale="1" yscale="1" offset="0" rotation="0"/><component type="hair" component_id="056" theme_id="family" x="0" y="0" xscale="1" yscale="1" offset="0" rotation="0"/><component type="beard" component_id="001" theme_id="family" x="-7" y="-63" xscale="1.07" yscale="1.07" offset="0" rotation="0"/><component type="eye" component_id="004" theme_id="family" x="0" y="0" xscale="1" yscale="1" offset="0" rotation="0"/><component type="eyebrow" component_id="109" theme_id="family" x="0" y="1" xscale="1" yscale="1" offset="0" rotation="0"/><component type="faceshape" component_id="001" theme_id="family" x="0" y="0" xscale="1" yscale="1" offset="0" rotation="0"/><component type="upper_body" component_id="adam_016" theme_id="family" x="0" y="0" xscale="1" yscale="1" offset="0" rotation="0"/><component type="lower_body" component_id="adam_009" theme_id="family" x="0" y="0" xscale="1" yscale="1" offset="0" rotation="0"/><component type="glasses" component_id="001" theme_id="family" x="0" y="0" xscale="1" yscale="1" offset="0" rotation="0"/><component id="ID3375" type="facedecoration" component_id="043" theme_id="family" x="-33" y="-4" xscale="1" yscale="1" offset="0" rotation="68"/><component id="ID5224" type="facedecoration" component_id="043" theme_id="family" x="-31" y="11" xscale="1" yscale="1" offset="0" rotation="86"/><component id="ID479" type="facedecoration" component_id="042" theme_id="family" x="5" y="-2" xscale="1" yscale="1" offset="0" rotation="0"/><component id="ID4117" type="facedecoration" component_id="072" theme_id="family" x="-12" y="-21" xscale="1.21" yscale="1.21" offset="0" rotation="0"/><component id="ID3901" type="facedecoration" component_id="003" theme_id="family" x="-7" y="22" xscale="1" yscale="1" offset="0" rotation="5"/><component id="ID837" type="facedecoration" component_id="003" theme_id="family" x="-6" y="13" xscale="1" yscale="1" offset="0" rotation="0"/><component id="ID7721" type="facedecoration" component_id="059" theme_id="family" x="0" y="0" xscale="1" yscale="1" offset="0" rotation="0"/><component id="ID8385" type="facedecoration" component_id="044" theme_id="family" x="0" y="3" xscale="1" yscale="1" offset="0" rotation="0"/><component id="ID4230" type="facedecoration" component_id="009" theme_id="family" x="5" y="14" xscale="1" yscale="1" offset="0" rotation="0"/></cc_char>