<?xml version="1.0" encoding="utf-8"?><cc_char xscale='1' yscale='1' hxscale='1' hyscale='1' headdx='0' headdy='0'><color r="ccSkinColor">0xCF9D7A</color><color r="ccEyeLib">0x5F3F29</color><color r="ccEyeIris">0x663366</color><color r="ccGlassesFrame">0xBE10B0</color><color r="ccGlassesLens">0x737373</color><color r="ccMouthLip">0xB7796A</color><color r="ccEyebrow">0x421D0B</color><color r="ccHairMajor">0x351D19</color><color r="ccHairMinor">0x272525</color><color r="ccBackMajor">0x000000</color><color r="ccBackMinor">0x000000</color><color r="ccLowerMain">0x323297</color><component type="bodyshape" component_id="default" theme_id="cc2" x="0" y="0" xscale="1" yscale="1" offset="0" rotation="0"/><component type="freeaction" component_id="default" theme_id="cc2" x="0" y="0" xscale="1" yscale="1" offset="0" rotation="0"/><component type="faceshape" component_id="009" theme_id="cc2" x="0" y="0" xscale="1" yscale="1" offset="0" rotation="0"/><component type="eye" component_id="001" theme_id="cc2" x="0" y="0" xscale="0.94" yscale="0.94" offset="-1" rotation="0"/><component type="eyebrow" component_id="001" theme_id="cc2" x="0" y="2" xscale="1" yscale="1" offset="0" rotation="0"/><component type="mouth" component_id="001" theme_id="cc2" x="-1" y="-1" xscale="1" yscale="1" offset="0" rotation="0"/><component type="hair" component_id="018" theme_id="cc2" x="3" y="0" xscale="1.15" yscale="1.17" offset="0" rotation="0"/><component type="nose" component_id="005" theme_id="cc2" x="1" y="-1" xscale="1" yscale="1" offset="0" rotation="0"/><library type="GoHands" component_id="001" theme_id="cc2"/><library type="GoUpper" component_id="035" theme_id="cc2"/><library type="GoLower" component_id="002" theme_id="cc2"/></cc_char>