<?xml version="1.0" encoding="utf-8"?><cc_char xscale='1' yscale='1' hxscale='1' hyscale='1' headdx='0' headdy='0'><color r="ccSkinColor" oc="0xFFE1C4">0xFFE1C4</color><color r="ccEyeLib">0xFFE1C4</color><color r="ccEyeIris">0x000000</color><color r="ccGlassesFrame">0x330000</color><color r="ccGlassesLens">0x000000</color><color r="ccMouthLip">0xCA3030</color><color r="ccMustache">0xFFFFFF</color><color r="ccBeard">0xFFFFFF</color><color r="ccEyebrow">0x000000</color><color r="ccHairMajor">0xB97B3E</color><color r="ccHairMinor">0xC29B22</color><color r="ccUpperMain" oc="0x336699">0x4C5A87</color><color r="ccUpperMinor" oc="0xE5E5E5">0x704153</color><color r="ccLowerMain" oc="0xCCBC9A">0xCCBC9A</color><color r="ccLowerMinor" oc="0xEEEEEE">0xEEEEEE</color><component type="bodyshape" component_id="adam" theme_id="family" x="0" y="0" xscale="1" yscale="1" offset="0" rotation="0"/><component type="skeleton" component_id="adam_001" theme_id="family" x="0" y="0" xscale="1" yscale="1" offset="0" rotation="0"/><component type="lower_body" component_id="adam_001" theme_id="family" x="0" y="0" xscale="1" yscale="1" offset="0" rotation="0"/><component type="mouth" component_id="001" theme_id="family" x="-5" y="0" xscale="1" yscale="1" offset="0" rotation="0"/><component type="upper_body" component_id="adam_003" theme_id="family" x="0" y="0" xscale="1" yscale="1" offset="0" rotation="0"/><component type="faceshape" component_id="010" theme_id="family" x="0" y="3" xscale="1" yscale="1" offset="0" rotation="0"/><component type="hair" component_id="005" theme_id="family" x="1" y="4" xscale="1" yscale="1" offset="0" rotation="0"/><component type="eye" component_id="007" theme_id="family" x="-2" y="4" xscale="0.97" yscale="0.97" offset="-2" rotation="0"/><component type="eyebrow" component_id="101" theme_id="family" x="0" y="6" xscale="1" yscale="1" offset="0" rotation="0"/><component type="nose" component_id="013" theme_id="family" x="-2" y="3" xscale="0.91" yscale="0.91" offset="0" rotation="0"/><component type="glasses" component_id="001" theme_id="family" x="-2" y="4" xscale="1.14" yscale="1.14" offset="0" rotation="0"/><component type="ear" component_id="002" theme_id="family" x="-2" y="0" xscale="1.03" yscale="1.03" offset="0" rotation="0"/></cc_char>