<?xml version="1.0" encoding="utf-8"?><cc_char xscale='1' yscale='1' hxscale='1' hyscale='1' headdx='0' headdy='0'><color r="ccSkinColor" oc="0xFFE1C4">0xFFCE95</color><color r="ccEyeLib">0xFFCE95</color><color r="ccEyeIris">0x000000</color><color r="ccGlassesFrame">0xBE10B0</color><color r="ccGlassesLens">0x737373</color><color r="ccMouthLip">0x891258</color><color r="ccMustache">0x000000</color><color r="ccBeard">0xFFFFFF</color><color r="ccEyebrow">0x996633</color><color r="ccHairMajor">0x996633</color><color r="ccHairMinor">0x640F0F</color><color r="ccUpperMain" oc="0x336699">0xEEEEEE</color><color r="ccUpperMinor" oc="0xE5E5E5">0xEEEEEE</color><color r="ccLowerMain" oc="0xCCBC9A">0x3D0C00</color><color r="ccLowerMinor" oc="0xEEEEEE">0xA76626</color><color r="ccDecMajor" targetComponent="ID6125">0xFFFFFF</color><component type="bodyshape" component_id="adam" theme_id="family" x="0" y="0" xscale="1" yscale="1" offset="0" rotation="0"/><component type="skeleton" component_id="adam_001" theme_id="family" x="0" y="0" xscale="1" yscale="1" offset="0" rotation="0"/><component type="mouth" component_id="201" theme_id="family" x="0" y="0" xscale="1" yscale="1" offset="0" rotation="0"/><component type="upper_body" component_id="adam_002" theme_id="family" x="0" y="0" xscale="1" yscale="1" offset="0" rotation="0"/><component type="lower_body" component_id="adam_014" theme_id="family" x="0" y="0" xscale="1" yscale="1" offset="0" rotation="0"/><component type="faceshape" component_id="033" theme_id="family" x="0" y="0" xscale="1" yscale="1" offset="0" rotation="0"/><component id="ID6125" type="facedecoration" component_id="016" theme_id="family" x="0" y="3" xscale="1" yscale="1" offset="0" rotation="0"/><component id="ID5689" type="facedecoration" component_id="005" theme_id="family" x="3" y="50" xscale="3.34" yscale="3.34" offset="0" rotation="4"/><component id="ID3652" type="facedecoration" component_id="005" theme_id="family" x="76" y="-35" xscale="3.51" yscale="3.51" offset="0" rotation="-81"/></cc_char>