<?xml version="1.0" encoding="utf-8"?><cc_char xscale='0.7' yscale='0.7' hxscale='1.5' hyscale='1.5' headdx='0' headdy='0'><color r="ccSkinColor">0x8DF3E4</color><color r="ccEyeLib">0xBD8764</color><color r="ccEyeIris">0x003333</color><color r="ccGlassesFrame">0xBE10B0</color><color r="ccGlassesLens">0x737373</color><color r="ccMouthLip">0xB7796A</color><color r="ccEyebrow">0x421D0B</color><color r="ccBackMajor">0x000000</color><color r="ccBackMinor">0x000000</color><color r="ccUpperMain">0xFFEB10</color><color r="ccUpperMinor">0xFF691E</color><color r="ccLowerMain">0x95B06D</color><component type="bodyshape" component_id="default" theme_id="cc2" x="0" y="0" xscale="1" yscale="1" offset="0" rotation="0"/><component type="freeaction" component_id="default" theme_id="cc2" x="0" y="0" xscale="1" yscale="1" offset="0" rotation="0"/><component type="faceshape" component_id="1001" theme_id="cc2" x="0" y="0" xscale="1" yscale="1" offset="0" rotation="0"/><component type="eye" component_id="1002" theme_id="cc2" x="2" y="-2" xscale="1.16" yscale="1.14" offset="26" rotation="0"/><component type="hair" component_id="1004" theme_id="cc2" x="0" y="-19" xscale="0.9" yscale="0.78" offset="0" rotation="5"/><component type="nose" component_id="1001" theme_id="cc2" x="4" y="7" xscale="1" yscale="1" offset="0" rotation="0"/><component type="mouth" component_id="1003" theme_id="cc2" x="-9" y="3" xscale="0.88" yscale="0.88" offset="0" rotation="1"/><library type="GoHands" component_id="1001" theme_id="cc2"/><library type="GoUpper" component_id="1005" theme_id="cc2"/><library type="GoLower" component_id="1003" theme_id="cc2"/></cc_char>