<?xml version="1.0" encoding="utf-8"?><cc_char xscale='1' yscale='1' hxscale='1' hyscale='1' headdx='0' headdy='0'><color r="ccSkinColor" oc="0xFFE1C4">0xD77D3E</color><color r="ccEyeLib">0xD77D3E</color><color r="ccEyeIris">0x000000</color><color r="ccGlassesFrame">0xFF0000</color><color r="ccGlassesLens">0xFF0000</color><color r="ccMouthLip">0xFF6666</color><color r="ccMustache">0x8B6F18</color><color r="ccBeard">0xC29B22</color><color r="ccEyebrow">0x000000</color><color r="ccUpperMain" oc="0x336699">0x57AC06</color><color r="ccUpperMinor" oc="0xE5E5E5">0xFB700B</color><color r="ccLowerMain" oc="0xCCBC9A">0x457021</color><color r="ccLowerMinor" oc="0xEEEEEE">0x79100C</color><color r="ccDecMajor" targetComponent="ID7439">0xFB700B</color><color r="ccHairMajor">0x833A05</color><color r="ccDecMajor" targetComponent="ID8334">0xE294EA</color><color r="ccDecMajor" targetComponent="ID4646">0x57AC06</color><color r="ccDecMajor" targetComponent="ID6249">0xE20727</color><component type="bodyshape" component_id="eve" theme_id="family" x="0" y="0" xscale="1" yscale="1" offset="0" rotation="0"/><component type="skeleton" component_id="eve_001" theme_id="family" x="0" y="0" xscale="1" yscale="1" offset="0" rotation="0"/><component type="faceshape" component_id="034" theme_id="family" x="0" y="1" xscale="0.99" yscale="0.95" offset="0" rotation="0"/><component type="lower_body" component_id="eve_001" theme_id="family" x="0" y="0" xscale="0.9" yscale="0.9" offset="0" rotation="0"/><component type="upper_body" component_id="eve_008" theme_id="family" x="0" y="0" xscale="0.9" yscale="0.9" offset="0" rotation="0"/><component id="ID7439" type="facedecoration" component_id="043" theme_id="family" x="46" y="12" xscale="1.08" yscale="1.08" offset="0" rotation="-124"/><component type="mouth" component_id="201" theme_id="family" x="0" y="0" xscale="0.9" yscale="0.9" offset="0" rotation="0"/><component type="eye" component_id="102" theme_id="family" x="0" y="5" xscale="0.84" yscale="0.9" offset="0" rotation="0"/><component type="hair" component_id="048" theme_id="family" x="-1" y="3" xscale="0.95" yscale="0.95" offset="0" rotation="0"/><component id="ID8334" type="facedecoration" component_id="072" theme_id="family" x="-23" y="-17" xscale="0.9" yscale="0.9" offset="0" rotation="0"/><component id="ID4646" type="facedecoration" component_id="024" theme_id="family" x="0" y="-13" xscale="0.9" yscale="0.9" offset="0" rotation="0"/><component id="ID6249" type="facedecoration" component_id="043" theme_id="family" x="48" y="-65" xscale="0.9" yscale="0.9" offset="0" rotation="-71"/></cc_char>