<?xml version="1.0" encoding="utf-8"?><cc_char xscale='1' yscale='1' hxscale='1' hyscale='1' headdx='0' headdy='0'><color r="ccSkinColor" oc="0xFFE1C4">0xFFCE95</color><color r="ccEyeLib">0xFFCE95</color><color r="ccEyeIris">0x000000</color><color r="ccGlassesFrame">0x000000</color><color r="ccGlassesLens">0x000000</color><color r="ccMouthLip">0x891258</color><color r="ccMustache">0x000000</color><color r="ccBeard">0xFFFFFF</color><color r="ccEyebrow">0x000000</color><color r="ccUpperMain" oc="0x336699">0x1F3E5A</color><color r="ccUpperMinor" oc="0xE5E5E5">0x243523</color><color r="ccLowerMain" oc="0xCCBC9A">0x101010</color><color r="ccLowerMinor" oc="0xEEEEEE">0x145051</color><color r="ccHairMajor">0x522C05</color><color r="ccDecMajor" targetComponent="ID667">0x281C3C</color><color r="ccDecMajor" targetComponent="ID586">0x145051</color><color r="ccDecMajor" targetComponent="ID9489">0x1F3E5A</color><color r="ccDecMajor" targetComponent="ID1095">0x1F3E5A</color><color r="ccDecMajor" targetComponent="ID674">0x1F3E5A</color><color r="ccDecMajor" targetComponent="ID7346">0x1F3E5A</color><color r="ccDecMajor" targetComponent="ID4237">0x1F3E5A</color><color r="ccDecMajor" targetComponent="ID111">0x145051</color><color r="ccDecMajor" targetComponent="ID9776">0x251A38</color><color r="ccDecMajor" targetComponent="ID1004">0x00604E</color><component type="bodyshape" component_id="adam" theme_id="family" x="0" y="0" xscale="1" yscale="1" offset="0" rotation="0"/><component type="skeleton" component_id="adam_001" theme_id="family" x="0" y="0" xscale="1" yscale="1" offset="0" rotation="0"/><component type="ear" component_id="006" theme_id="family" x="0" y="0" xscale="1" yscale="1" offset="0" rotation="0"/><component type="nose" component_id="014" theme_id="family" x="0" y="0" xscale="1" yscale="1" offset="0" rotation="0"/><component type="mouth" component_id="001" theme_id="family" x="0" y="0" xscale="1" yscale="1" offset="0" rotation="0"/><component type="hair" component_id="109" theme_id="family" x="0" y="0" xscale="1" yscale="1" offset="0" rotation="0"/><component type="faceshape" component_id="001" theme_id="family" x="0" y="0" xscale="1" yscale="1" offset="0" rotation="0"/><component id="ID9489" type="facedecoration" component_id="006" theme_id="family" x="15" y="-24" xscale="2.85" yscale="2.85" offset="0" rotation="-40"/><component id="ID1095" type="facedecoration" component_id="005" theme_id="family" x="4" y="-21" xscale="1.81" yscale="1.81" offset="0" rotation="-16"/><component id="ID674" type="facedecoration" component_id="005" theme_id="family" x="-51" y="-100" xscale="2.07" yscale="2.07" offset="0" rotation="140"/><component id="ID7346" type="facedecoration" component_id="005" theme_id="family" x="66" y="-74" xscale="2.2" yscale="2.2" offset="0" rotation="-123"/><component id="ID4237" type="facedecoration" component_id="006" theme_id="family" x="46" y="-47" xscale="1.5" yscale="1.5" offset="0" rotation="-121"/><component id="ID667" type="facedecoration" component_id="076" theme_id="family" x="0" y="-1" xscale="1.04" yscale="1.04" offset="0" rotation="0"/><component id="ID586" type="facedecoration" component_id="069" theme_id="family" x="0" y="0" xscale="1" yscale="1" offset="0" rotation="0"/><component id="ID111" type="facedecoration" component_id="071" theme_id="family" x="0" y="0" xscale="1" yscale="1" offset="0" rotation="0"/><component id="ID9776" type="facedecoration" component_id="012" theme_id="family" x="-8" y="2" xscale="1.53" yscale="1.53" offset="0" rotation="0"/><component type="lower_body" component_id="adam_001" theme_id="family" x="0" y="0" xscale="1" yscale="1" offset="0" rotation="0"/><component id="ID1004" type="facedecoration" component_id="018" theme_id="family" x="0" y="0" xscale="1" yscale="1" offset="0" rotation="0"/><component type="eyebrow" component_id="109" theme_id="family" x="0" y="0" xscale="1" yscale="1" offset="0" rotation="0"/><component type="upper_body" component_id="adam_016" theme_id="family" x="0" y="0" xscale="1" yscale="1" offset="0" rotation="0"/><component type="eye" component_id="004" theme_id="family" x="0" y="0" xscale="1" yscale="1" offset="0" rotation="0"/></cc_char>