<?xml version="1.0" encoding="utf-8"?><cc_char xscale='1' yscale='1' hxscale='1' hyscale='1' headdx='0' headdy='0'><color r="ccSkinColor" oc="0xFFE1C4">0xFFCE95</color><color r="ccEyeLib">0xFFCE95</color><color r="ccEyeIris">0x264872</color><color r="ccGlassesFrame">0x264872</color><color r="ccGlassesLens">0x737373</color><color r="ccMouthLip">0x891258</color><color r="ccMustache">0x06AA03</color><color r="ccBeard">0x03E2E6</color><color r="ccEyebrow">0x264872</color><color r="ccUpperMain" oc="0x336699">0x72FFFC</color><color r="ccUpperMinor" oc="0xE5E5E5">0x2305D1</color><color r="ccLowerMain" oc="0xCCBC9A">0x2305D1</color><color r="ccLowerMinor" oc="0xEEEEEE">0x116BA4</color><color r="ccHairMajor">0x06AA03</color><color r="ccDecMajor" targetComponent="ID1226">0x159315</color><color r="ccDecMajor" targetComponent="ID4998">0x06AA03</color><color r="ccDecMajor" targetComponent="ID2990">0x06AA03</color><color r="ccDecMajor" targetComponent="ID7492">0x06AA03</color><color r="ccDecMajor" targetComponent="ID5888">0x06AA03</color><color r="ccDecMajor" targetComponent="ID8520">0x06AA03</color><color r="ccDecMajor" targetComponent="ID7963">0x06AA03</color><color r="ccDecMajor" targetComponent="ID3701">0x22F765</color><color r="ccDecMajor" targetComponent="ID7070">0xFFFFFF</color><color r="ccDecMajor" targetComponent="ID1790">0xFFFFFF</color><color r="ccDecMajor" targetComponent="ID1332">0xFFFFFF</color><color r="ccDecMajor" targetComponent="ID6198">0xFFFFFF</color><color r="ccDecMajor" targetComponent="ID7179">0xFFFFFF</color><color r="ccDecMajor" targetComponent="ID7548">0xFFFFFF</color><color r="ccDecMajor" targetComponent="ID6375">0x2305D1</color><color r="ccDecMajor" targetComponent="ID6797">0x06AA03</color><color r="ccDecMajor" targetComponent="ID3165">0x22F765</color><color r="ccDecMajor" targetComponent="ID2261">0x2305D1</color><color r="ccDecMajor" targetComponent="ID2810">0xFF9292</color><component type="bodyshape" component_id="adam" theme_id="family" x="0" y="0" xscale="1" yscale="1" offset="0" rotation="0"/><component type="skeleton" component_id="adam_001" theme_id="family" x="0" y="0" xscale="1" yscale="1" offset="0" rotation="0"/><component type="faceshape" component_id="001" theme_id="family" x="0" y="0" xscale="1" yscale="1" offset="0" rotation="0"/><component type="eye" component_id="004" theme_id="family" x="0" y="0" xscale="1" yscale="1" offset="0" rotation="0"/><component type="eyebrow" component_id="003" theme_id="family" x="0" y="0" xscale="1" yscale="1" offset="0" rotation="0"/><component type="mustache" component_id="007" theme_id="family" x="0" y="0" xscale="1" yscale="1" offset="0" rotation="0"/><component type="ear" component_id="006" theme_id="family" x="0" y="0" xscale="1" yscale="1" offset="0" rotation="0"/><component type="mouth" component_id="001" theme_id="family" x="0" y="0" xscale="1" yscale="1" offset="0" rotation="0"/><component type="hair" component_id="109" theme_id="family" x="0" y="1" xscale="0.97" yscale="0.97" offset="0" rotation="2"/><component type="nose" component_id="014" theme_id="family" x="-1" y="-1" xscale="1" yscale="1" offset="0" rotation="0"/><component id="ID1226" type="facedecoration" component_id="024" theme_id="family" x="-9" y="-63" xscale="0.19" yscale="0.19" offset="0" rotation="-50"/><component id="ID4998" type="facedecoration" component_id="024" theme_id="family" x="-11" y="-64" xscale="0.18" yscale="0.18" offset="0" rotation="-88"/><component id="ID2990" type="facedecoration" component_id="024" theme_id="family" x="-12" y="-61" xscale="0.19" yscale="0.19" offset="0" rotation="-113"/><component id="ID7492" type="facedecoration" component_id="001" theme_id="family" x="-52" y="-2" xscale="3.1" yscale="3.1" offset="0" rotation="0"/><component id="ID5888" type="facedecoration" component_id="001" theme_id="family" x="-55" y="-9" xscale="3.3" yscale="3.3" offset="0" rotation="0"/><component id="ID8520" type="facedecoration" component_id="001" theme_id="family" x="-54" y="-7" xscale="3.08" yscale="3.08" offset="0" rotation="0"/><component id="ID7963" type="facedecoration" component_id="001" theme_id="family" x="-38" y="-29" xscale="2.26" yscale="2.26" offset="0" rotation="0"/><component id="ID7278" type="facedecoration" component_id="009" theme_id="family" x="16" y="13" xscale="0.86" yscale="0.86" offset="0" rotation="5"/><component type="lower_body" component_id="adam_002" theme_id="family" x="0" y="0" xscale="1" yscale="1" offset="0" rotation="0"/><component type="glasses" component_id="007" theme_id="family" x="0" y="0" xscale="1" yscale="1" offset="0" rotation="0"/><component id="ID3701" type="facedecoration" component_id="057" theme_id="family" x="-13" y="40" xscale="1.23" yscale="1.23" offset="0" rotation="91"/><component id="ID7070" type="facedecoration" component_id="057" theme_id="family" x="49" y="41" xscale="0.52" yscale="0.52" offset="0" rotation="26"/><component id="ID1790" type="facedecoration" component_id="057" theme_id="family" x="26" y="62" xscale="0.76" yscale="0.76" offset="0" rotation="64"/><component id="ID1332" type="facedecoration" component_id="057" theme_id="family" x="18" y="61" xscale="1" yscale="1" offset="0" rotation="47"/><component id="ID6198" type="facedecoration" component_id="001" theme_id="family" x="-37" y="100" xscale="5.36" yscale="5.36" offset="0" rotation="37"/><component id="ID7179" type="facedecoration" component_id="001" theme_id="family" x="-75" y="100" xscale="7.35" yscale="7.35" offset="0" rotation="38"/><component id="ID7548" type="facedecoration" component_id="001" theme_id="family" x="51" y="76" xscale="2.13" yscale="2.13" offset="0" rotation="0"/><component type="upper_body" component_id="adam_001" theme_id="family" x="0" y="0" xscale="1" yscale="1" offset="0" rotation="0"/><component type="beard" component_id="001" theme_id="family" x="-4" y="-37" xscale="1.68" yscale="1.68" offset="0" rotation="135"/><component id="ID2264" type="facedecoration" component_id="076" theme_id="family" x="0" y="0" xscale="1" yscale="1" offset="0" rotation="0"/><component id="ID6375" type="facedecoration" component_id="069" theme_id="family" x="0" y="8" xscale="1" yscale="1" offset="0" rotation="0"/><component id="ID6797" type="facedecoration" component_id="069" theme_id="family" x="1" y="3" xscale="1" yscale="1" offset="0" rotation="0"/><component id="ID3165" type="facedecoration" component_id="069" theme_id="family" x="1" y="-2" xscale="1" yscale="1" offset="0" rotation="0"/><component id="ID2261" type="facedecoration" component_id="018" theme_id="family" x="0" y="0" xscale="1" yscale="1" offset="0" rotation="0"/><component id="ID2810" type="facedecoration" component_id="003" theme_id="family" x="32" y="-28" xscale="0.76" yscale="0.76" offset="0" rotation="-76"/><component id="ID6784" type="facedecoration" component_id="009" theme_id="family" x="-23" y="14" xscale="0.89" yscale="0.89" offset="0" rotation="0"/><component id="ID9172" type="facedecoration" component_id="066" theme_id="family" x="0" y="-3" xscale="1" yscale="1" offset="0" rotation="0"/></cc_char>