<?xml version="1.0" encoding="utf-8"?><cc_char xscale='1' yscale='1' hxscale='1' hyscale='1' headdx='0' headdy='0'><color r="ccSkinColor">0xE2C294</color><color r="ccEyeLib">0xBD8764</color><color r="ccEyeIris">0x003333</color><color r="ccGlassesFrame">0xBE10B0</color><color r="ccGlassesLens">0x737373</color><color r="ccMouthLip">0xB7796A</color><color r="ccEyebrow">0x065E15</color><color r="ccLowerMain">0x5E5F34</color><color r="ccLowerMinor">0x0D48A8</color><color r="ccHairMajor">0x0B8C21</color><color r="ccUpperMain">0x23DDB8</color><color r="ccUpperMinor">0x3603FF</color><color r="ccDecMajor" targetComponent="ID8927">0xEAFF06</color><color r="ccBackMajor">0x401AFF</color><component type="bodyshape" component_id="default" theme_id="ninja" x="0" y="0" xscale="1" yscale="1" offset="0" rotation="0"/><component type="freeaction" component_id="default" theme_id="ninja" x="0" y="0" xscale="1" yscale="1" offset="0" rotation="0"/><component type="ear" component_id="6001" theme_id="ninja" x="0" y="0" xscale="1" yscale="1" offset="0" rotation="0"/><component type="nose" component_id="6001" theme_id="ninja" x="0" y="0" xscale="1" yscale="1" offset="0" rotation="0"/><component type="faceshape" component_id="6002" theme_id="ninja" x="0" y="0" xscale="1" yscale="1" offset="0" rotation="0"/><component type="hair" component_id="6058" theme_id="ninja" x="0" y="0" xscale="1" yscale="1" offset="0" rotation="0"/><component type="eye" component_id="6001" theme_id="ninja" x="0" y="0" xscale="1" yscale="1" offset="0" rotation="0" split="N"/><component type="eyebrow" component_id="6003" theme_id="ninja" x="0" y="0" xscale="1" yscale="1" offset="0" rotation="0" split="N"/><component id="ID4026" type="facedecoration" component_id="6011" theme_id="ninja" x="0" y="0" xscale="1" yscale="1" offset="0" rotation="0"/><component id="ID8927" type="facedecoration" component_id="6010" theme_id="ninja" x="0" y="0" xscale="1" yscale="1" offset="0" rotation="0"/><component type="mouth" component_id="6002" theme_id="ninja" x="0" y="0" xscale="1" yscale="1" offset="0" rotation="0"/><library type="GoUpper" component_id="6035" theme_id="ninja"/><library type="GoLower" component_id="6011" theme_id="ninja"/><library type="GoHands" component_id="6006" theme_id="ninja"/><library type="GoBehindBody" component_id="6003" theme_id="ninja"/></cc_char>