<?xml version="1.0" encoding="utf-8"?><cc_char xscale='1' yscale='1' hxscale='1' hyscale='1' headdx='0' headdy='0'><color r="ccSkinColor" oc="0xFFE1C4">0xFFE1AE</color><color r="ccEyeLib">0xFFE1AE</color><color r="ccEyeIris">0x000000</color><color r="ccGlassesFrame">0xBE10B0</color><color r="ccGlassesLens">0x737373</color><color r="ccMouthLip">0x891258</color><color r="ccMustache">0xAC4F15</color><color r="ccBeard">0xFFFFFF</color><color r="ccEyebrow">0x996633</color><color r="ccUpperMain" oc="0x336699">0x66CCF5</color><color r="ccUpperMinor" oc="0xE5E5E5">0x66CCF5</color><color r="ccLowerMain" oc="0xCCBC9A">0x3E5A92</color><color r="ccLowerMinor" oc="0xEEEEEE">0xAC4F15</color><color r="ccHairMajor">0xAC4F15</color><color r="ccDecMajor" targetComponent="ID7545">0x66CCF5</color><color r="ccDecMajor" targetComponent="ID6348">0x66CCF5</color><color r="ccDecMajor" targetComponent="ID1446">0x66CCF5</color><component type="bodyshape" component_id="adam" theme_id="family" x="0" y="0" xscale="1" yscale="1" offset="0" rotation="0"/><component type="skeleton" component_id="adam_001" theme_id="family" x="0" y="0" xscale="1" yscale="1" offset="0" rotation="0"/><component type="mouth" component_id="001" theme_id="family" x="2" y="-3" xscale="1.1" yscale="1.1" offset="0" rotation="0"/><component type="ear" component_id="006" theme_id="family" x="-6" y="2" xscale="1" yscale="1" offset="0" rotation="0"/><component type="mustache" component_id="012" theme_id="family" x="33" y="-36" xscale="1" yscale="1" offset="0" rotation="-103"/><component type="hair" component_id="010" theme_id="family" x="-8" y="8" xscale="1.11" yscale="1.11" offset="0" rotation="1"/><component id="ID6181" type="facedecoration" component_id="005" theme_id="family" x="7" y="-1" xscale="1" yscale="1" offset="0" rotation="-43"/><component type="lower_body" component_id="adam_003" theme_id="family" x="0" y="0" xscale="1" yscale="1" offset="0" rotation="0"/><component type="faceshape" component_id="006" theme_id="family" x="-1" y="-4" xscale="0.85" yscale="0.85" offset="0" rotation="-3"/><component type="upper_body" component_id="adam_a008" theme_id="family" x="0" y="0" xscale="1" yscale="1" offset="0" rotation="0"/><component id="ID7545" type="facedecoration" component_id="024" theme_id="family" x="-3" y="1" xscale="0.25" yscale="0.25" offset="0" rotation="141"/><component id="ID6348" type="facedecoration" component_id="024" theme_id="family" x="1" y="-1" xscale="0.21" yscale="0.21" offset="0" rotation="174"/><component type="eye" component_id="004" theme_id="family" x="0" y="-4" xscale="1.84" yscale="1.84" offset="-3" rotation="0"/><component id="ID1446" type="facedecoration" component_id="024" theme_id="family" x="-2" y="-3" xscale="0.29" yscale="0.29" offset="0" rotation="121"/></cc_char>