<?xml version="1.0" encoding="utf-8"?><cc_char xscale='1' yscale='1' hxscale='1' hyscale='1' headdx='0' headdy='0'><color r="ccSkinColor" oc="0xFFE1C4">0xFFCE95</color><color r="ccEyeLib">0xFFCE95</color><color r="ccEyeIris">0x000000</color><color r="ccGlassesFrame">0xFF0000</color><color r="ccGlassesLens">0xFF0000</color><color r="ccMouthLip">0xFF6666</color><color r="ccMustache">0x8B6F18</color><color r="ccBeard">0xC29B22</color><color r="ccEyebrow">0x000000</color><color r="ccUpperMain" oc="0x336699">0xFF6666</color><color r="ccUpperMinor" oc="0xE5E5E5">0xFFFFFF</color><color r="ccLowerMain" oc="0xCCBC9A">0x43C2E7</color><color r="ccLowerMinor" oc="0xEEEEEE">0xFFFFFF</color><color r="ccHairMajor">0x874200</color><color r="ccDecMajor" targetComponent="ID7404">0xFFCE95</color><color r="ccDecMajor" targetComponent="ID6521">0xFFCE95</color><component type="bodyshape" component_id="eve" theme_id="family" x="0" y="0" xscale="1" yscale="1" offset="0" rotation="0"/><component type="skeleton" component_id="eve_001" theme_id="family" x="0" y="0" xscale="1" yscale="1" offset="0" rotation="0"/><component type="upper_body" component_id="eve_009" theme_id="family" x="0" y="0" xscale="0.9" yscale="0.9" offset="0" rotation="0"/><component type="lower_body" component_id="eve_006" theme_id="family" x="0" y="0" xscale="0.9" yscale="0.9" offset="0" rotation="0"/><component type="faceshape" component_id="002" theme_id="family" x="0" y="1" xscale="0.99" yscale="0.95" offset="0" rotation="0"/><component type="hair" component_id="051" theme_id="family" x="-1" y="3" xscale="0.95" yscale="0.95" offset="0" rotation="0"/><component type="mouth" component_id="201" theme_id="family" x="0" y="0" xscale="0.9" yscale="0.9" offset="0" rotation="0"/><component type="nose" component_id="025" theme_id="family" x="0" y="4" xscale="0.9" yscale="0.9" offset="0" rotation="0"/><component id="ID7404" type="facedecoration" component_id="072" theme_id="family" x="17" y="-73" xscale="1.93" yscale="1.93" offset="0" rotation="80"/><component id="ID4180" type="facedecoration" component_id="072" theme_id="family" x="17" y="-73" xscale="1.24" yscale="1.24" offset="0" rotation="79"/><component id="ID6521" type="facedecoration" component_id="072" theme_id="family" x="-13" y="-73" xscale="1.81" yscale="1.81" offset="0" rotation="-100"/><component id="ID3876" type="facedecoration" component_id="072" theme_id="family" x="-13" y="-73" xscale="1.18" yscale="1.18" offset="0" rotation="79"/><component type="eye" component_id="101" theme_id="family" x="0" y="5" xscale="0.67" yscale="0.73" offset="0" rotation="0"/><component type="eyebrow" component_id="105" theme_id="family" x="0" y="6" xscale="0.9" yscale="0.9" offset="0" rotation="0"/></cc_char>