<?xml version="1.0" encoding="utf-8"?><cc_char xscale='1' yscale='1' hxscale='1' hyscale='1' headdx='0' headdy='0'><color r="ccSkinColor">0xD30000</color><color r="ccEyeLib">0xBD8764</color><color r="ccEyeIris">0x003333</color><color r="ccGlassesFrame">0xBE10B0</color><color r="ccGlassesLens">0x737373</color><color r="ccMouthLip">0xB7796A</color><color r="ccEyebrow">0x421D0B</color><color r="ccBackMajor">0xD30000</color><color r="ccUpperMain">0xD30000</color><color r="ccDecMajor" targetComponent="ID6222">0x000000</color><color r="ccDecMinor" targetComponent="ID6222">0x666666</color><color r="ccDecMajor" targetComponent="ID121">0xFFFFFF</color><color r="ccDecMajor" targetComponent="ID8584">0xFFFFFF</color><color r="ccDecMajor" targetComponent="ID981">0x000000</color><color r="ccDecMajor" targetComponent="ID7508">0x000000</color><color r="ccDecMajor" targetComponent="ID5276">0xD30000</color><color r="ccDecMajor" targetComponent="ID1523">0xD30000</color><color r="ccDecMajor" targetComponent="ID5807">0xFFFFFF</color><color r="ccDecMajor" targetComponent="ID4407">0xFFFFFF</color><color r="ccDecMajor" targetComponent="ID9922">0xFFFFFF</color><color r="ccDecMajor" targetComponent="ID1605">0xFFFFFF</color><color r="ccLowerMain">0x303030</color><color r="ccHandMain">0x303030</color><color r="ccFaceHairColor">0xFFFFFF</color><color r="ccDecMajor" targetComponent="ID2691">0xFFFFFF</color><component type="bodyshape" component_id="default" theme_id="cc2" x="0" y="0" xscale="1" yscale="1" offset="0" rotation="0"/><component type="freeaction" component_id="default" theme_id="cc2" x="0" y="0" xscale="1" yscale="1" offset="0" rotation="0"/><component type="mouth" component_id="1005" theme_id="cc2" x="-11" y="4" xscale="0.57" yscale="0.57" offset="0" rotation="0"/><component type="eye" component_id="1001" theme_id="cc2" x="0" y="0" xscale="1" yscale="1" offset="0" rotation="0"/><component type="nose" component_id="1002" theme_id="cc2" x="4" y="9" xscale="1" yscale="1" offset="0" rotation="0"/><component id="ID6222" type="facedecoration" component_id="017" theme_id="cc2" x="2" y="2" xscale="0.82" yscale="0.82" offset="0" rotation="0"/><component id="ID121" type="facedecoration" component_id="1004" theme_id="cc2" x="14" y="-52" xscale="0.53" yscale="0.53" offset="0" rotation="-180"/><component id="ID8584" type="facedecoration" component_id="032" theme_id="cc2" x="-1" y="7" xscale="1.68" yscale="1.68" offset="0" rotation="-3"/><component id="ID2430" type="facedecoration" component_id="063" theme_id="cc2" x="-14" y="-14" xscale="0.56" yscale="0.56" offset="0" rotation="-116"/><component id="ID981" type="facedecoration" component_id="008" theme_id="cc2" x="-18" y="-3" xscale="0.5" yscale="0.5" offset="0" rotation="0"/><component id="ID7508" type="facedecoration" component_id="008" theme_id="cc2" x="-32" y="-5" xscale="0.4" yscale="0.4" offset="0" rotation="0"/><component id="ID5276" type="facedecoration" component_id="1004" theme_id="cc2" x="-23" y="-33" xscale="0.3" yscale="0.3" offset="0" rotation="-6"/><component id="ID1523" type="facedecoration" component_id="1004" theme_id="cc2" x="11" y="-79" xscale="0.29" yscale="0.29" offset="0" rotation="-180"/><component id="ID5807" type="facedecoration" component_id="1004" theme_id="cc2" x="15" y="-12" xscale="0.51" yscale="0.51" offset="0" rotation="-145"/><component id="ID4407" type="facedecoration" component_id="032" theme_id="cc2" x="-29" y="44" xscale="2.96" yscale="2.96" offset="0" rotation="0"/><component id="ID9922" type="facedecoration" component_id="032" theme_id="cc2" x="-6" y="27" xscale="1" yscale="1" offset="0" rotation="0"/><component id="ID1605" type="facedecoration" component_id="032" theme_id="cc2" x="-19" y="25" xscale="1" yscale="1" offset="0" rotation="0"/><component type="faceshape" component_id="045" theme_id="cc2" x="0" y="0" xscale="1" yscale="1" offset="0" rotation="0"/><component id="ID2691" type="facedecoration" component_id="032" theme_id="cc2" x="-2" y="-2" xscale="0.93" yscale="0.93" offset="0" rotation="0"/><library type="GoBehindBody" component_id="014" theme_id="cc2"/><library type="GoUpper" component_id="258" theme_id="cc2"/><library type="GoLower" component_id="018" theme_id="cc2"/><library type="GoHands" component_id="004" theme_id="cc2"/></cc_char>