<?xml version="1.0" encoding="utf-8"?><cc_char xscale='1' yscale='1' hxscale='1' hyscale='1' headdx='0' headdy='0'><color r="ccSkinColor" oc="0xFFE1C4">0xFFCE95</color><color r="ccEyeLib">0xFFCE95</color><color r="ccEyeIris">0x000000</color><color r="ccGlassesFrame">0x010101</color><color r="ccGlassesLens">0x737373</color><color r="ccMouthLip">0x891258</color><color r="ccMustache">0x000000</color><color r="ccBeard">0x4C1C1D</color><color r="ccEyebrow">0x996633</color><color r="ccUpperMain" oc="0x336699">0x983232</color><color r="ccUpperMinor" oc="0xE5E5E5">0x983232</color><color r="ccLowerMain" oc="0xCCBC9A">0x311B17</color><color r="ccLowerMinor" oc="0xEEEEEE">0xFFFFFF</color><color r="ccHairMajor">0x4C1C1D</color><color r="ccHairMinor">0x4C1C1D</color><component type="bodyshape" component_id="adam" theme_id="family" x="0" y="0" xscale="1" yscale="1" offset="0" rotation="0"/><component type="skeleton" component_id="adam_001" theme_id="family" x="0" y="0" xscale="1" yscale="1" offset="0" rotation="0"/><component type="faceshape" component_id="001" theme_id="family" x="-4" y="14" xscale="1.29" yscale="1.29" offset="0" rotation="0"/><component type="eyebrow" component_id="003" theme_id="family" x="-1" y="-4" xscale="1.33" yscale="1.33" offset="5" rotation="0"/><component type="ear" component_id="010" theme_id="family" x="-16" y="18" xscale="1.98" yscale="1.98" offset="0" rotation="0"/><component type="mouth" component_id="201" theme_id="family" x="-5" y="11" xscale="1.39" yscale="1.39" offset="0" rotation="0"/><component type="upper_body" component_id="adam_006" theme_id="family" x="0" y="0" xscale="1" yscale="1" offset="0" rotation="0"/><component type="lower_body" component_id="adam_a007" theme_id="family" x="0" y="0" xscale="1" yscale="1" offset="0" rotation="0"/><component type="hair" component_id="037" theme_id="family" x="-2" y="6" xscale="1.2" yscale="1.2" offset="0" rotation="0"/><component type="beard" component_id="003" theme_id="family" x="-3" y="11" xscale="1.54" yscale="1.54" offset="0" rotation="0"/><component type="eye" component_id="009" theme_id="family" x="-4" y="1" xscale="1.55" yscale="1.55" offset="13" rotation="0"/><component type="nose" component_id="010" theme_id="family" x="2" y="20" xscale="1.49" yscale="1.49" offset="0" rotation="0"/><component type="glasses" component_id="007" theme_id="family" x="-2" y="-2" xscale="1.54" yscale="1.54" offset="0" rotation="0"/><component id="ID952" type="facedecoration" component_id="017" theme_id="family" x="12" y="-55" xscale="0.5" yscale="0.5" offset="0" rotation="21"/></cc_char>