<?xml version="1.0" encoding="utf-8"?><cc_char xscale='0.7' yscale='0.7' hxscale='1.4' hyscale='1.4' headdx='0' headdy='0'><color r="ccSkinColor">0x05FF37</color><color r="ccEyeLib">0xBD8764</color><color r="ccMouthLip">0x05FF37</color><color r="ccBackMajor">0x996600</color><color r="ccEyeIris">0x05FF37</color><color r="ccLowerMainA">0x05FF37</color><color r="ccFeetMain">0x05FF37</color><color r="ccUpperMain">0x05FF37</color><component type="bodyshape" component_id="default" theme_id="business" x="0" y="0" xscale="1" yscale="1" offset="0" rotation="0"/><component type="freeaction" component_id="default" theme_id="business" x="0" y="0" xscale="1" yscale="1" offset="0" rotation="0"/><component type="faceshape" component_id="1023" theme_id="business" x="0" y="0" xscale="1" yscale="1" offset="0" rotation="0" split="N"/><component type="eye" component_id="1037" theme_id="business" x="0" y="0" xscale="1" yscale="1" offset="0" rotation="0" split="N"/><component type="nose" component_id="0000" theme_id="business" x="0" y="0" xscale="1" yscale="1" offset="0" rotation="0" split="N"/><component type="mouth" component_id="1037" theme_id="business" x="0" y="0" xscale="1" yscale="1" offset="0" rotation="0" split="N"/><library type="GoBehindBody" component_id="1001" theme_id="business"/><library type="GoLower" component_id="1107" theme_id="business"/><library type="GoFeet" component_id="1026" theme_id="business"/><library type="GoHands" component_id="1009" theme_id="business"/><library type="GoUpper" component_id="1241" theme_id="business"/></cc_char>