<?xml version="1.0" encoding="utf-8"?><cc_char xscale='0.75' yscale='0.75' hxscale='1.6' hyscale='1.6' headdx='0' headdy='0'><color r="ccSkinColor" oc="0xFFE1C4">0xF9A876</color><color r="ccEyeLib">0xF9A876</color><color r="ccEyeIris">0x068D06</color><color r="ccGlassesFrame">0x005E42</color><color r="ccGlassesLens">0x737373</color><color r="ccMouthLip">0x891258</color><color r="ccMustache">0xA3241F</color><color r="ccBeard">0xFFFFFF</color><color r="ccEyebrow">0x7F0000</color><color r="ccUpperMain" oc="0x336699">0x000000</color><color r="ccUpperMinor" oc="0xE5E5E5">0xF05111</color><color r="ccLowerMain" oc="0xCCBC9A">0xF0520B</color><color r="ccLowerMinor" oc="0xEEEEEE">0xEB540B</color><color r="ccDecMajor" targetComponent="ID663">0xA3241F</color><color r="ccDecMajor" targetComponent="ID6493">0xA3241F</color><color r="ccDecMajor" targetComponent="ID1879">0xA3241F</color><color r="ccDecMajor" targetComponent="ID85">0xA3241F</color><color r="ccDecMajor" targetComponent="ID1654">0xA3241F</color><color r="ccDecMajor" targetComponent="ID4517">0xA3241F</color><color r="ccDecMajor" targetComponent="ID8817">0xA3241F</color><color r="ccDecMajor" targetComponent="ID3517">0xA3241F</color><color r="ccDecMajor" targetComponent="ID4384">0xA3241F</color><color r="ccDecMajor" targetComponent="ID1192">0xA3241F</color><color r="ccDecMajor" targetComponent="ID1737">0xA3241F</color><color r="ccDecMajor" targetComponent="ID8971">0xA3241F</color><color r="ccDecMajor" targetComponent="ID5254">0xA3241F</color><color r="ccDecMajor" targetComponent="ID8318">0xA3241F</color><color r="ccDecMajor" targetComponent="ID5805">0xA3241F</color><color r="ccDecMajor" targetComponent="ID6269">0xA3241F</color><color r="ccDecMajor" targetComponent="ID7687">0xA3241F</color><component type="bodyshape" component_id="adam" theme_id="family" x="0" y="0" xscale="1" yscale="1" offset="0" rotation="0"/><component type="skeleton" component_id="adam_001" theme_id="family" x="0" y="0" xscale="1" yscale="1" offset="0" rotation="0"/><component type="upper_body" component_id="adam_001" theme_id="family" x="0" y="0" xscale="1" yscale="1" offset="0" rotation="0"/><component type="lower_body" component_id="adam_007" theme_id="family" x="0" y="0" xscale="1" yscale="1" offset="0" rotation="0"/><component type="faceshape" component_id="033" theme_id="family" x="35" y="-10" xscale="1" yscale="1" offset="0" rotation="-87"/><component type="mustache" component_id="001" theme_id="family" x="-22" y="-61" xscale="1.39" yscale="1.39" offset="0" rotation="-180"/><component id="ID663" type="facedecoration" component_id="043" theme_id="family" x="4" y="17" xscale="0.93" yscale="0.93" offset="0" rotation="5"/><component id="ID6493" type="facedecoration" component_id="043" theme_id="family" x="-7" y="-52" xscale="0.34" yscale="0.34" offset="0" rotation="-144"/><component id="ID1879" type="facedecoration" component_id="001" theme_id="family" x="-49" y="22" xscale="3.31" yscale="3.31" offset="0" rotation="0"/><component id="ID85" type="facedecoration" component_id="043" theme_id="family" x="11" y="-3" xscale="0.52" yscale="0.52" offset="0" rotation="48"/><component id="ID1654" type="facedecoration" component_id="072" theme_id="family" x="31" y="-18" xscale="0.75" yscale="0.75" offset="0" rotation="51"/><component id="ID4517" type="facedecoration" component_id="072" theme_id="family" x="33" y="-13" xscale="0.73" yscale="0.73" offset="0" rotation="56"/><component id="ID8817" type="facedecoration" component_id="072" theme_id="family" x="35" y="-10" xscale="0.62" yscale="0.62" offset="0" rotation="60"/><component type="ear" component_id="002" theme_id="family" x="11" y="18" xscale="0.83" yscale="0.83" offset="0" rotation="0"/><component type="glasses" component_id="013" theme_id="family" x="0" y="21" xscale="0.98" yscale="0.98" offset="1" rotation="4"/><component type="nose" component_id="009" theme_id="family" x="-11" y="5" xscale="0.32" yscale="0.32" offset="0" rotation="16"/><component type="mouth" component_id="201" theme_id="family" x="5" y="13" xscale="1.47" yscale="1.47" offset="0" rotation="0"/><component id="ID3517" type="facedecoration" component_id="001" theme_id="family" x="-50" y="15" xscale="3.03" yscale="3.03" offset="0" rotation="0"/><component id="ID4384" type="facedecoration" component_id="001" theme_id="family" x="-47" y="-1" xscale="2.37" yscale="2.37" offset="0" rotation="0"/><component id="ID1192" type="facedecoration" component_id="001" theme_id="family" x="-41" y="12" xscale="2.94" yscale="2.94" offset="0" rotation="0"/><component id="ID1737" type="facedecoration" component_id="001" theme_id="family" x="-32" y="7" xscale="2.67" yscale="2.67" offset="0" rotation="0"/><component id="ID8971" type="facedecoration" component_id="001" theme_id="family" x="-22" y="-1" xscale="2.24" yscale="2.24" offset="0" rotation="0"/><component id="ID5254" type="facedecoration" component_id="001" theme_id="family" x="-5" y="16" xscale="2.61" yscale="2.61" offset="0" rotation="0"/><component id="ID8318" type="facedecoration" component_id="001" theme_id="family" x="-5" y="25" xscale="2.94" yscale="2.94" offset="0" rotation="0"/><component id="ID5805" type="facedecoration" component_id="001" theme_id="family" x="-1" y="30" xscale="2.9" yscale="2.9" offset="0" rotation="0"/><component id="ID6269" type="facedecoration" component_id="001" theme_id="family" x="-1" y="36" xscale="3.03" yscale="3.03" offset="0" rotation="0"/><component id="ID7687" type="facedecoration" component_id="001" theme_id="family" x="1" y="42" xscale="3.05" yscale="3.05" offset="0" rotation="0"/><component type="eyebrow" component_id="003" theme_id="family" x="0" y="15" xscale="1" yscale="1" offset="5" rotation="0"/><component type="eye" component_id="001" theme_id="family" x="0" y="20" xscale="1.23" yscale="1.23" offset="5" rotation="1"/></cc_char>