<?xml version="1.0" encoding="utf-8"?><cc_char xscale='1' yscale='1' hxscale='1' hyscale='1' headdx='0' headdy='0'><color r="ccSkinColor" oc="0xFFE1C4">0xB8EEFF</color><color r="ccEyeLib">0xB8EEFF</color><color r="ccEyeIris">0x000000</color><color r="ccGlassesFrame">0x000000</color><color r="ccGlassesLens">0x000000</color><color r="ccMouthLip">0xCA5F30</color><color r="ccMustache">0x000000</color><color r="ccBeard">0xFFFFFF</color><color r="ccEyebrow">0x250070</color><color r="ccUpperMain" oc="0x336699">0x035B9A</color><color r="ccUpperMinor" oc="0xE5E5E5">0x43C2E7</color><color r="ccLowerMain" oc="0xCCBC9A">0x43C2E7</color><color r="ccLowerMinor" oc="0xEEEEEE">0x035B9A</color><color r="ccHairMajor">0x250070</color><color r="ccDecMajor" targetComponent="ID9348">0xB8EEFF</color><color r="ccDecMajor" targetComponent="ID6261">0xB8EEFF</color><color r="ccDecMajor" targetComponent="ID7835">0xB8EEFF</color><color r="ccDecMajor" targetComponent="ID6200">0xFFFFFF</color><color r="ccDecMajor" targetComponent="ID3538">0xFFAFAF</color><component type="bodyshape" component_id="rocky" theme_id="family" x="0" y="0" xscale="1" yscale="1" offset="0" rotation="0"/><component type="skeleton" component_id="rocky_001" theme_id="family" x="0" y="0" xscale="1" yscale="1" offset="0" rotation="0"/><component type="upper_body" component_id="rocky_a005" theme_id="family" x="0" y="0" xscale="1" yscale="1" offset="0" rotation="0"/><component type="lower_body" component_id="rocky_a005" theme_id="family" x="0" y="0" xscale="1" yscale="1" offset="0" rotation="0"/><component type="hair" component_id="008" theme_id="family" x="0" y="0" xscale="1" yscale="1" offset="0" rotation="0"/><component type="mouth" component_id="001" theme_id="family" x="0" y="0" xscale="1" yscale="1" offset="0" rotation="0"/><component type="ear" component_id="006" theme_id="family" x="0" y="0" xscale="1" yscale="1" offset="0" rotation="0"/><component type="nose" component_id="001" theme_id="family" x="0" y="0" xscale="1" yscale="1" offset="0" rotation="0"/><component id="ID9348" type="facedecoration" component_id="043" theme_id="family" x="32" y="36" xscale="1" yscale="1" offset="0" rotation="160"/><component id="ID2973" type="facedecoration" component_id="042" theme_id="family" x="0" y="0" xscale="1" yscale="1" offset="0" rotation="0"/><component id="ID6261" type="facedecoration" component_id="043" theme_id="family" x="34" y="41" xscale="1.01" yscale="1.01" offset="0" rotation="115"/><component id="ID7835" type="facedecoration" component_id="001" theme_id="family" x="-9" y="96" xscale="3.58" yscale="3.58" offset="0" rotation="49"/><component id="ID6200" type="facedecoration" component_id="072" theme_id="family" x="95" y="39" xscale="1.54" yscale="1.54" offset="0" rotation="-95"/><component id="ID3538" type="facedecoration" component_id="001" theme_id="family" x="-51" y="33" xscale="3.09" yscale="3.09" offset="0" rotation="0"/><component type="eyebrow" component_id="002" theme_id="family" x="0" y="0" xscale="1" yscale="1" offset="0" rotation="0"/><component type="eye" component_id="001" theme_id="family" x="0" y="0" xscale="1" yscale="1" offset="0" rotation="0"/><component type="faceshape" component_id="020" theme_id="family" x="0" y="0" xscale="1" yscale="1" offset="0" rotation="0"/></cc_char>