<?xml version="1.0" encoding="utf-8"?><cc_char xscale='1' yscale='1' hxscale='1' hyscale='1' headdx='0' headdy='0'><color r="ccSkinColor">0xE2C294</color><color r="ccEyeLib">0xBD8764</color><color r="ccEyeIris">0x003333</color><color r="ccGlassesFrame">0xBE10B0</color><color r="ccGlassesLens">0x737373</color><color r="ccMouthLip">0xB7796A</color><color r="ccEyebrow">0x421D0B</color><color r="ccBackMajor">0x000000</color><color r="ccBackMinor">0x000000</color><color r="ccUpperMain">0xBBFF0F</color><color r="ccUpperMinor">0x666666</color><color r="ccLowerMain">0xBBFF0F</color><color r="ccLowerMinor">0x666666</color><color r="ccHandMain">0xBBFF0F</color><color r="ccHairMajor">0x7E4D1B</color><color r="ccDecMajor" targetComponent="ID4919">0xBBFF0F</color><color r="ccDecMinor" targetComponent="ID4919">0x666666</color><component type="bodyshape" component_id="default" theme_id="cc2" x="0" y="0" xscale="1" yscale="1" offset="0" rotation="0"/><component type="freeaction" component_id="default" theme_id="cc2" x="0" y="0" xscale="1" yscale="1" offset="0" rotation="0"/><component type="eyebrow" component_id="002" theme_id="cc2" x="-1" y="1" xscale="1" yscale="1" offset="0" rotation="0"/><component type="ear" component_id="003" theme_id="cc2" x="-3" y="-7" xscale="1" yscale="1" offset="0" rotation="6"/><component type="nose" component_id="007" theme_id="cc2" x="0" y="-4" xscale="1" yscale="1" offset="0" rotation="0"/><component type="mouth" component_id="008" theme_id="cc2" x="-2" y="-3" xscale="0.83" yscale="0.79" offset="0" rotation="0"/><component type="faceshape" component_id="007" theme_id="cc2" x="-1" y="0" xscale="0.92" yscale="1" offset="0" rotation="0"/><component type="hair" component_id="162" theme_id="cc2" x="-2" y="0" xscale="1" yscale="1" offset="0" rotation="0"/><component type="eye" component_id="2001" theme_id="cc2" x="-1" y="0" xscale="1" yscale="1" offset="0" rotation="0"/><component id="ID4919" type="facedecoration" component_id="033" theme_id="cc2" x="0" y="0" xscale="1" yscale="1" offset="0" rotation="0"/><library type="GoUpper" component_id="042" theme_id="cc2"/><library type="GoLower" component_id="007" theme_id="cc2"/><library type="GoHands" component_id="013" theme_id="cc2"/></cc_char>