<?xml version="1.0" encoding="utf-8"?><cc_char xscale='1' yscale='1' hxscale='1' hyscale='1' headdx='0' headdy='0'><color r="ccSkinColor" oc="0xFFE1C4">0xFFCE95</color><color r="ccEyeLib">0x229188</color><color r="ccEyeIris">0x006633</color><color r="ccGlassesFrame">0x00FFFF</color><color r="ccGlassesLens">0xFF0000</color><color r="ccMouthLip">0xEE0000</color><color r="ccMustache">0x8B6F18</color><color r="ccBeard">0xC29B22</color><color r="ccEyebrow">0x000000</color><color r="ccUpperMain" oc="0x336699">0x232635</color><color r="ccUpperMinor" oc="0xE5E5E5">0x7A0F05</color><color r="ccLowerMain" oc="0xCCBC9A">0x083741</color><color r="ccLowerMinor" oc="0xEEEEEE">0x3E3F43</color><color r="ccHairMajor">0x000000</color><color r="ccDecMajor" targetComponent="ID1245">0x1B3C3D</color><color r="ccDecMajor" targetComponent="ID9313">0x1B3C3D</color><color r="ccDecMajor" targetComponent="ID1636">0x1B3C3D</color><color r="ccDecMajor" targetComponent="ID1748">0x1B3C3D</color><color r="ccDecMajor" targetComponent="ID2732">0x1B3C3D</color><color r="ccDecMajor" targetComponent="ID8187">0x00FF00</color><color r="ccDecMajor" targetComponent="ID7529">0x00FF00</color><color r="ccDecMajor" targetComponent="ID3160">0x00FF00</color><color r="ccDecMajor" targetComponent="ID7835">0x00FF99</color><color r="ccDecMajor" targetComponent="ID9583">0x000000</color><color r="ccDecMajor" targetComponent="ID7050">0x000000</color><component type="bodyshape" component_id="eve" theme_id="family" x="0" y="0" xscale="1" yscale="1" offset="0" rotation="0"/><component type="skeleton" component_id="eve_001" theme_id="family" x="0" y="0" xscale="1" yscale="1" offset="0" rotation="0"/><component type="faceshape" component_id="018" theme_id="family" x="0" y="0" xscale="0.9" yscale="0.9" offset="0" rotation="0"/><component type="nose" component_id="014" theme_id="family" x="0" y="0" xscale="0.9" yscale="0.9" offset="0" rotation="0"/><component type="eyebrow" component_id="106" theme_id="family" x="0" y="5" xscale="0.9" yscale="0.9" offset="0" rotation="0"/><component type="hair" component_id="056" theme_id="family" x="0" y="0" xscale="0.9" yscale="0.9" offset="0" rotation="0"/><component type="mouth" component_id="101" theme_id="family" x="0" y="0" xscale="0.9" yscale="0.9" offset="0" rotation="0"/><component type="ear" component_id="006" theme_id="family" x="0" y="0" xscale="0.9" yscale="0.9" offset="0" rotation="0"/><component id="ID4822" type="facedecoration" component_id="007" theme_id="family" x="-77" y="-97" xscale="4.57" yscale="4.57" offset="0" rotation="82"/><component id="ID5943" type="facedecoration" component_id="007" theme_id="family" x="-83" y="-100" xscale="4.85" yscale="4.85" offset="0" rotation="81"/><component id="ID1245" type="facedecoration" component_id="007" theme_id="family" x="-79" y="-97" xscale="4.62" yscale="4.62" offset="0" rotation="81"/><component id="ID9424" type="facedecoration" component_id="001" theme_id="family" x="-41" y="-25" xscale="1.54" yscale="1.54" offset="0" rotation="0"/><component id="ID9313" type="facedecoration" component_id="001" theme_id="family" x="-36" y="-29" xscale="1.37" yscale="1.37" offset="0" rotation="0"/><component id="ID1636" type="facedecoration" component_id="072" theme_id="family" x="4" y="-58" xscale="0.9" yscale="0.9" offset="0" rotation="94"/><component id="ID1748" type="facedecoration" component_id="072" theme_id="family" x="19" y="-51" xscale="0.79" yscale="0.79" offset="0" rotation="-60"/><component id="ID2732" type="facedecoration" component_id="072" theme_id="family" x="-13" y="-57" xscale="0.75" yscale="0.75" offset="0" rotation="-106"/><component id="ID8187" type="facedecoration" component_id="012" theme_id="family" x="-34" y="-39" xscale="0.94" yscale="0.94" offset="0" rotation="-7"/><component id="ID7529" type="facedecoration" component_id="012" theme_id="family" x="-26" y="-45" xscale="1.11" yscale="1.11" offset="0" rotation="9"/><component id="ID3160" type="facedecoration" component_id="012" theme_id="family" x="-8" y="-52" xscale="0.91" yscale="0.91" offset="0" rotation="35"/><component id="ID8448" type="facedecoration" component_id="005" theme_id="family" x="-8" y="-39" xscale="1.53" yscale="1.53" offset="0" rotation="107"/><component type="eye" component_id="102" theme_id="family" x="1" y="4" xscale="0.95" yscale="0.95" offset="0" rotation="0"/><component id="ID7835" type="facedecoration" component_id="012" theme_id="family" x="-33" y="-24" xscale="0.9" yscale="0.9" offset="0" rotation="0"/><component id="ID8510" type="facedecoration" component_id="013" theme_id="family" x="0" y="-60" xscale="0.9" yscale="0.9" offset="0" rotation="-180"/><component id="ID9254" type="facedecoration" component_id="013" theme_id="family" x="-20" y="-59" xscale="0.87" yscale="0.87" offset="0" rotation="180"/><component id="ID9583" type="facedecoration" component_id="043" theme_id="family" x="0" y="-22" xscale="0.36" yscale="0.36" offset="0" rotation="77"/><component id="ID7050" type="facedecoration" component_id="043" theme_id="family" x="36" y="7" xscale="0.41" yscale="0.41" offset="0" rotation="-55"/><component type="upper_body" component_id="eve_009" theme_id="family" x="0" y="0" xscale="0.9" yscale="0.9" offset="0" rotation="0"/><component type="lower_body" component_id="eve_010" theme_id="family" x="0" y="0" xscale="0.9" yscale="0.9" offset="0" rotation="0"/></cc_char>