<?xml version="1.0" encoding="utf-8"?><cc_char xscale='1' yscale='1' hxscale='1' hyscale='1' headdx='0' headdy='0'><color r="ccSkinColor" oc="0xFFE1C4">0xFFCE95</color><color r="ccEyeLib">0xFFCE95</color><color r="ccEyeIris">0x000000</color><color r="ccGlassesFrame">0xCEB427</color><color r="ccGlassesLens">0x737373</color><color r="ccMouthLip">0xCA8730</color><color r="ccMustache">0xC49264</color><color r="ccBeard">0x360202</color><color r="ccEyebrow">0x330000</color><color r="ccHairMajor">0x663300</color><color r="ccHairMinor">0x640F0F</color><color r="ccUpperMain" oc="0x336699">0x663300</color><color r="ccUpperMinor" oc="0xE5E5E5">0x000000</color><color r="ccLowerMain" oc="0xCCBC9A">0x973700</color><color r="ccLowerMinor" oc="0xEEEEEE">0x000000</color><component type="bodyshape" component_id="adam" theme_id="family" x="0" y="0" xscale="1" yscale="1" offset="0" rotation="0"/><component type="skeleton" component_id="adam_001" theme_id="family" x="0" y="0" xscale="1" yscale="1" offset="0" rotation="0"/><component type="lower_body" component_id="adam_001" theme_id="family" x="0" y="0" xscale="1" yscale="1" offset="0" rotation="0"/><component type="faceshape" component_id="025" theme_id="family" x="1" y="1" xscale="0.97" yscale="1" offset="0" rotation="-5"/><component type="hair" component_id="024" theme_id="family" x="-3" y="4" xscale="0.94" yscale="1.04" offset="0" rotation="0"/><component type="nose" component_id="013" theme_id="family" x="0" y="3" xscale="0.96" yscale="0.92" offset="0" rotation="0"/><component type="mustache" component_id="010" theme_id="family" x="6" y="-3" xscale="1" yscale="1" offset="0" rotation="-15"/><component type="mouth" component_id="001" theme_id="family" x="1" y="-4" xscale="0.95" yscale="0.97" offset="0" rotation="-9"/><component type="upper_body" component_id="adam_001" theme_id="family" x="0" y="0" xscale="1" yscale="1" offset="0" rotation="0"/><component type="eyebrow" component_id="003" theme_id="family" x="-2" y="12" xscale="1.33" yscale="1" offset="1" rotation="13"/><component type="eye" component_id="007" theme_id="family" x="-1" y="4" xscale="0.67" yscale="0.75" offset="1" rotation="-7"/><component type="ear" component_id="003" theme_id="family" x="-4" y="-2" xscale="1" yscale="1" offset="0" rotation="0"/></cc_char>