<?xml version="1.0" encoding="utf-8"?><cc_char xscale='1' yscale='1' hxscale='1' hyscale='1' headdx='-3' headdy='0'><color r="ccSkinColor">0xCE9D7D</color><color r="ccEyeLib">0x1E447B</color><color r="ccEyeIris">0x229188</color><color r="ccGlassesFrame">0xBE10B0</color><color r="ccGlassesLens">0x737373</color><color r="ccMouthLip">0xB7796A</color><color r="ccEyebrow">0x151515</color><color r="ccHandMain">0x2F2F2F</color><component type="bodyshape" component_id="default" theme_id="cc2" x="0" y="0" xscale="1" yscale="1" offset="0" rotation="0"/><component type="freeaction" component_id="default" theme_id="cc2" x="0" y="0" xscale="1" yscale="1" offset="0" rotation="0"/><component type="eye" component_id="003" theme_id="cc2" x="0" y="0" xscale="1" yscale="1" offset="0" rotation="0"/><component type="eyebrow" component_id="003" theme_id="cc2" x="-1" y="3" xscale="1" yscale="1" offset="0" rotation="0"/><component type="nose" component_id="010" theme_id="cc2" x="0" y="-2" xscale="1" yscale="1" offset="0" rotation="0"/><component type="mouth" component_id="003" theme_id="cc2" x="-1" y="-1" xscale="0.83" yscale="0.79" offset="0" rotation="0"/><component type="faceshape" component_id="007" theme_id="cc2" x="2" y="0" xscale="0.94" yscale="0.9" offset="0" rotation="-3"/><component type="hair" component_id="003" theme_id="cc2" x="0" y="-3" xscale="0.92" yscale="0.85" offset="0" rotation="0"/><component type="ear" component_id="004" theme_id="cc2" x="-6" y="-1" xscale="1" yscale="1" offset="0" rotation="0"/><component id="ID4234" type="facedecoration" component_id="047" theme_id="cc2" x="0" y="2" xscale="1" yscale="1" offset="0" rotation="0"/><library type="GoUpper" component_id="074" theme_id="cc2"/><library type="GoLower" component_id="008" theme_id="cc2"/><library type="GoHands" component_id="003" theme_id="cc2"/><library type="GoBehindBody" component_id="007" theme_id="cc2"/></cc_char>