<?xml version="1.0" encoding="utf-8"?><cc_char xscale='0.7' yscale='0.7' hxscale='1.5' hyscale='1.5' headdx='2' headdy='-2'><color r="ccSkinColor">0xFFCC66</color><color r="ccEyeLib">0xBD8764</color><color r="ccEyeIris">0x003333</color><color r="ccGlassesFrame">0xBE10B0</color><color r="ccGlassesLens">0x737373</color><color r="ccMouthLip">0xB7796A</color><color r="ccEyebrow">0x421D0B</color><color r="ccBackMajor">0x000000</color><color r="ccBackMinor">0x000000</color><color r="ccDecMajor" targetComponent="ID1196">0xFFCC66</color><color r="ccDecMajor" targetComponent="ID6002">0xFFFFCC</color><color r="ccDecMajor" targetComponent="ID5924">0xFFFFCC</color><color r="ccDecMajor" targetComponent="ID9651">0xFFFFCC</color><color r="ccDecMajor" targetComponent="ID5793">0xEC9EC5</color><component type="bodyshape" component_id="default" theme_id="cc2" x="0" y="0" xscale="1" yscale="1" offset="0" rotation="0"/><component type="freeaction" component_id="default" theme_id="cc2" x="0" y="0" xscale="1" yscale="1" offset="0" rotation="0"/><component type="faceshape" component_id="1001" theme_id="cc2" x="0" y="0" xscale="1" yscale="1" offset="0" rotation="0"/><component type="eye" component_id="1002" theme_id="cc2" x="1" y="-11" xscale="1.16" yscale="1.1" offset="22" rotation="0"/><component type="mouth" component_id="1005" theme_id="cc2" x="-10" y="-6" xscale="0.83" yscale="0.83" offset="0" rotation="2"/><component type="hair" component_id="041" theme_id="cc2" x="33" y="-65" xscale="-0.34" yscale="-0.71" offset="0" rotation="107"/><component id="ID1196" type="facedecoration" component_id="017" theme_id="cc2" x="5" y="-22" xscale="-1.13" yscale="-0.76" offset="0" rotation="180"/><component id="ID6002" type="facedecoration" component_id="036" theme_id="cc2" x="-51" y="-75" xscale="1.69" yscale="1.69" offset="0" rotation="89"/><component id="ID5924" type="facedecoration" component_id="032" theme_id="cc2" x="-36" y="-59" xscale="2.66" yscale="2.66" offset="0" rotation="0"/><component id="ID9651" type="facedecoration" component_id="032" theme_id="cc2" x="-23" y="-57" xscale="1.75" yscale="1.75" offset="0" rotation="0"/><component id="ID5793" type="facedecoration" component_id="036" theme_id="cc2" x="-6" y="-42" xscale="1.51" yscale="1.51" offset="0" rotation="3"/><component id="ID7529" type="facedecoration" component_id="1007" theme_id="cc2" x="5" y="-11" xscale="1" yscale="1" offset="0" rotation="-35"/><library type="GoLower" component_id="1001" theme_id="cc2"/><library type="GoHands" component_id="1001" theme_id="cc2"/><library type="GoUpper" component_id="032" theme_id="cc2"/></cc_char>