<?xml version="1.0" encoding="utf-8"?><cc_char xscale='0.7' yscale='0.7' hxscale='1' hyscale='1' headdx='0' headdy='0'><component type="bodyshape" component_id="default" theme_id="whiteboard" x="0" y="0" xscale="1" yscale="1" offset="0" rotation="0"/><component type="freeaction" component_id="default" theme_id="whiteboard" x="0" y="0" xscale="1" yscale="1" offset="0" rotation="0"/><component type="faceshape" component_id="1001" theme_id="whiteboard" x="0" y="0" xscale="1" yscale="1" offset="0" rotation="0" split="N"/><component type="eye" component_id="1001" theme_id="whiteboard" x="0" y="0" xscale="1" yscale="1" offset="0" rotation="0" split="N"/><component type="nose" component_id="1001" theme_id="whiteboard" x="0" y="0" xscale="1" yscale="1" offset="0" rotation="0"/><component type="mouth" component_id="1001" theme_id="whiteboard" x="0" y="0" xscale="1" yscale="1" offset="0" rotation="0"/><component type="eyebrow" component_id="1003" theme_id="whiteboard" x="0" y="0" xscale="1" yscale="1" offset="0" rotation="0" split="N"/><component type="hair" component_id="1001" theme_id="whiteboard" x="0" y="0" xscale="1" yscale="1" offset="0" rotation="0"/><library type="GoHands" component_id="1001" theme_id="whiteboard"/><library type="GoUpper" component_id="1003" theme_id="whiteboard"/><library type="GoLower" component_id="1002" theme_id="whiteboard"/><library type="GoFeet" component_id="1002" theme_id="whiteboard"/></cc_char>