<?xml version="1.0" encoding="utf-8"?><cc_char xscale='1' yscale='1' hxscale='1' hyscale='1' headdx='0' headdy='0'><color r="ccSkinColor">0xFFFA02</color><color r="ccEyeLib">0xBD8764</color><color r="ccEyeIris">0x003333</color><color r="ccGlassesFrame">0xBE10B0</color><color r="ccGlassesLens">0x737373</color><color r="ccMouthLip">0xB7796A</color><color r="ccEyebrow">0x421D0B</color><color r="ccHairMajor">0xFF86A3</color><color r="ccHairMinor">0xFF27BA</color><color r="ccUpperMain">0xFF27BA</color><color r="ccLowerMain">0xFFFA02</color><color r="ccLowerMinor">0xFFF3FF</color><color r="ccBackMajor">0xFFFA02</color><component type="bodyshape" component_id="default" theme_id="chibi" x="0" y="0" xscale="1" yscale="1" offset="0" rotation="0"/><component type="freeaction" component_id="default" theme_id="chibi" x="0" y="0" xscale="1" yscale="1" offset="0" rotation="0"/><component type="ear" component_id="6001" theme_id="chibi" x="0" y="0" xscale="1" yscale="1" offset="0" rotation="0"/><component type="nose" component_id="6001" theme_id="chibi" x="0" y="0" xscale="1" yscale="1" offset="0" rotation="0"/><component type="hair" component_id="6015" theme_id="chibi" x="0" y="0" xscale="1" yscale="1" offset="0" rotation="0"/><component type="mouth" component_id="6004" theme_id="chibi" x="0" y="0" xscale="1" yscale="1" offset="0" rotation="0"/><component type="eye" component_id="6005" theme_id="chibi" x="0" y="0" xscale="1" yscale="1" offset="0" rotation="0" split="N"/><component type="eyebrow" component_id="6001" theme_id="chibi" x="0" y="0" xscale="1" yscale="1" offset="0" rotation="0" split="N"/><component type="faceshape" component_id="6002" theme_id="chibi" x="0" y="0" xscale="1" yscale="1" offset="0" rotation="0"/><library type="GoHands" component_id="6003" theme_id="chibi"/><library type="GoUpper" component_id="6054" theme_id="chibi"/><library type="GoLower" component_id="6001" theme_id="chibi"/><library type="GoBehindBody" component_id="6014" theme_id="chibi"/></cc_char>