<?xml version="1.0" encoding="utf-8"?><cc_char xscale='1' yscale='1' hxscale='1' hyscale='1' headdx='0' headdy='0'><color r="ccSkinColor">0xE2C294</color><color r="ccEyeLib">0xBD8764</color><color r="ccEyeIris">0x003333</color><color r="ccGlassesFrame">0xBE10B0</color><color r="ccGlassesLens">0x737373</color><color r="ccMouthLip">0xB7796A</color><color r="ccEyebrow">0x421D0B</color><color r="ccBackMajor">0x000000</color><color r="ccBackMinor">0x000000</color><color r="ccUpperMain">0x009999</color><color r="ccHairMajor">0xBA4545</color><color r="ccHairMinor">0x009999</color><color r="ccLowerMain">0x009999</color><color r="ccHandMain">0x009999</color><component type="bodyshape" component_id="default" theme_id="cc2" x="0" y="0" xscale="1" yscale="1" offset="0" rotation="0"/><component type="freeaction" component_id="default" theme_id="cc2" x="0" y="0" xscale="1" yscale="1" offset="0" rotation="0"/><component type="nose" component_id="007" theme_id="cc2" x="0" y="-4" xscale="1" yscale="1" offset="0" rotation="0"/><component type="faceshape" component_id="007" theme_id="cc2" x="-1" y="0" xscale="0.92" yscale="1" offset="0" rotation="0"/><component type="hair" component_id="179" theme_id="cc2" x="0" y="0" xscale="1" yscale="1" offset="0" rotation="0"/><component type="eye" component_id="2001" theme_id="cc2" x="0" y="0" xscale="1" yscale="1" offset="0" rotation="0"/><component type="eyebrow" component_id="2001" theme_id="cc2" x="0" y="1" xscale="1" yscale="1" offset="0" rotation="0"/><component type="mouth" component_id="017" theme_id="cc2" x="0" y="-2" xscale="1" yscale="1" offset="0" rotation="0"/><library type="GoUpper" component_id="258" theme_id="cc2"/><library type="GoLower" component_id="012" theme_id="cc2"/><library type="GoHands" component_id="006" theme_id="cc2"/></cc_char>