<?xml version="1.0" encoding="utf-8"?><cc_char xscale='1' yscale='1' hxscale='1' hyscale='1' headdx='0' headdy='0'><color r="ccSkinColor" oc="0xFFE1C4">0xFFCE95</color><color r="ccEyeLib">0xFFCE95</color><color r="ccEyeIris">0x000000</color><color r="ccGlassesFrame">0x000000</color><color r="ccGlassesLens">0x000000</color><color r="ccMouthLip">0xCA5F30</color><color r="ccMustache">0x000000</color><color r="ccBeard">0xFFFFFF</color><color r="ccEyebrow">0x000000</color><color r="ccUpperMain" oc="0x336699">0x0B3573</color><color r="ccUpperMinor" oc="0xE5E5E5">0x000000</color><color r="ccLowerMain" oc="0xCCBC9A">0x0B3573</color><color r="ccLowerMinor" oc="0xEEEEEE">0x3F3F3F</color><color r="ccHairMajor">0x000000</color><component type="bodyshape" component_id="rocky" theme_id="family" x="0" y="0" xscale="1" yscale="1" offset="0" rotation="0"/><component type="skeleton" component_id="rocky_001" theme_id="family" x="0" y="0" xscale="1" yscale="1" offset="0" rotation="0"/><component type="lower_body" component_id="rocky_001" theme_id="family" x="0" y="0" xscale="1" yscale="1" offset="0" rotation="0"/><component type="upper_body" component_id="rocky_002" theme_id="family" x="0" y="0" xscale="1" yscale="1" offset="0" rotation="0"/><component type="hair" component_id="007" theme_id="family" x="-1" y="-1" xscale="1.05" yscale="0.99" offset="0" rotation="0"/><component type="ear" component_id="006" theme_id="family" x="0" y="-2" xscale="1" yscale="1" offset="0" rotation="0"/><component type="eye" component_id="004" theme_id="family" x="0" y="2" xscale="0.75" yscale="0.7" offset="0" rotation="0"/><component type="faceshape" component_id="025" theme_id="family" x="1" y="-1" xscale="0.99" yscale="0.95" offset="0" rotation="-2"/><component type="nose" component_id="015" theme_id="family" x="-3" y="-3" xscale="0.78" yscale="0.78" offset="0" rotation="-3"/><component type="mustache" component_id="009" theme_id="family" x="0" y="0" xscale="1" yscale="1" offset="0" rotation="0"/><component type="eyebrow" component_id="109" theme_id="family" x="0" y="3" xscale="0.93" yscale="0.93" offset="0" rotation="0"/><component type="mouth" component_id="009" theme_id="family" x="-1" y="-5" xscale="1" yscale="0.71" offset="0" rotation="0"/></cc_char>