<?xml version="1.0" encoding="utf-8"?><cc_char xscale='1' yscale='1' hxscale='1' hyscale='1' headdx='0' headdy='0'><color r="ccSkinColor">0xE2C294</color><color r="ccEyeLib">0xBD8764</color><color r="ccEyeIris">0x003333</color><color r="ccMouthLip">0xB7796A</color><color r="ccBackMajor">0x996600</color><color r="ccHairMajor">0x534339</color><component type="bodyshape" component_id="guy" theme_id="spacecitizen" x="0" y="0" xscale="1" yscale="1" offset="0" rotation="0"/><component type="freeaction" component_id="guy" theme_id="spacecitizen" x="0" y="0" xscale="1" yscale="1" offset="0" rotation="0"/><component type="ear" component_id="001" theme_id="spacecitizen" x="0" y="0" xscale="1" yscale="1" offset="0" rotation="0"/><component type="eye" component_id="001" theme_id="spacecitizen" x="0" y="0" xscale="1" yscale="1" offset="0" rotation="0" split="N"/><component type="mouth" component_id="001" theme_id="spacecitizen" x="0" y="0" xscale="1" yscale="1" offset="0" rotation="0"/><component type="nose" component_id="001" theme_id="spacecitizen" x="0" y="0" xscale="1" yscale="1" offset="0" rotation="0"/><component type="faceshape" component_id="001" theme_id="spacecitizen" x="0" y="0" xscale="1" yscale="1" offset="0" rotation="0"/><component type="eyebrow" component_id="001" theme_id="spacecitizen" x="0" y="0" xscale="1" yscale="1" offset="0" rotation="0" split="N"/><component id="ID1542" type="facedecoration" component_id="009" theme_id="spacecitizen" x="0" y="0" xscale="1" yscale="1" offset="0" rotation="0"/><library type="GoUpper" component_id="025" theme_id="spacecitizen"/><library type="GoLower" component_id="002" theme_id="spacecitizen"/><library type="GoFeet" component_id="005" theme_id="spacecitizen"/><library type="GoHands" component_id="001" theme_id="spacecitizen"/></cc_char>