<?xml version="1.0" encoding="utf-8"?><cc_char xscale='0.7' yscale='0.7' hxscale='1.5' hyscale='1.5' headdx='0' headdy='1'><color r="ccSkinColor">0xE2E2E2</color><color r="ccEyeLib">0xBD8764</color><color r="ccEyeIris">0x003333</color><color r="ccGlassesFrame">0xBE10B0</color><color r="ccGlassesLens">0x737373</color><color r="ccMouthLip">0xB7796A</color><color r="ccEyebrow">0x421D0B</color><color r="ccBackMajor">0x000000</color><color r="ccBackMinor">0x000000</color><color r="ccDecMajor" targetComponent="ID3267">0x432F01</color><color r="ccUpperMain">0x5B88B5</color><color r="ccDecMinor" targetComponent="ID3267">0x000000</color><color r="ccDecMinor" targetComponent="ID1673">0x000000</color><color r="ccDecMajor" targetComponent="ID1673">0x432F01</color><component type="bodyshape" component_id="default" theme_id="cc2" x="0" y="0" xscale="1" yscale="1" offset="0" rotation="0"/><component type="freeaction" component_id="default" theme_id="cc2" x="0" y="0" xscale="1" yscale="1" offset="0" rotation="0"/><component type="faceshape" component_id="1002" theme_id="cc2" x="0" y="0" xscale="1" yscale="1" offset="0" rotation="0"/><component id="ID3267" type="facedecoration" component_id="1004" theme_id="cc2" x="1" y="0" xscale="1" yscale="1" offset="0" rotation="0"/><component id="ID1673" type="facedecoration" component_id="2002" theme_id="cc2" x="-9" y="1" xscale="1.35" yscale="1.33" offset="0" rotation="3"/><component type="hair" component_id="1005" theme_id="cc2" x="6" y="-12" xscale="1" yscale="0.84" offset="0" rotation="0"/><component type="mouth" component_id="1005" theme_id="cc2" x="-9" y="2" xscale="0.83" yscale="0.71" offset="0" rotation="0"/><component type="eye" component_id="1003" theme_id="cc2" x="0" y="-12" xscale="1.19" yscale="1.19" offset="19" rotation="0"/><component type="nose" component_id="1003" theme_id="cc2" x="1" y="-1" xscale="1" yscale="1" offset="0" rotation="0"/><library type="GoHands" component_id="1001" theme_id="cc2"/><library type="GoLower" component_id="1002" theme_id="cc2"/><library type="GoUpper" component_id="1007" theme_id="cc2"/></cc_char>