<?xml version="1.0" encoding="utf-8"?><cc_char xscale='1' yscale='1' hxscale='1' hyscale='1' headdx='0' headdy='0'><color r="ccSkinColor" oc="0xFFE1C4">0xC2B9DB</color><color r="ccEyeLib">0xA395C7</color><color r="ccEyeIris">0x000000</color><color r="ccGlassesFrame">0x000000</color><color r="ccGlassesLens">0x846116</color><color r="ccMouthLip">0xCA8730</color><color r="ccMustache">0x360202</color><color r="ccBeard">0x360202</color><color r="ccEyebrow">0x640F0F</color><color r="ccUpperMain" oc="0x336699">0xE89DB6</color><color r="ccUpperMinor" oc="0xE5E5E5">0xC2B9DB</color><color r="ccLowerMain" oc="0xCCBC9A">0xC2B9DB</color><color r="ccLowerMinor" oc="0xEEEEEE">0xC2B9DB</color><color r="ccDecMajor" targetComponent="ID5391">0xC2B9DB</color><color r="ccDecMajor" targetComponent="ID3898">0xBF96C5</color><component type="bodyshape" component_id="bob" theme_id="family" x="0" y="0" xscale="1" yscale="1" offset="0" rotation="0"/><component type="skeleton" component_id="bob_001" theme_id="family" x="0" y="0" xscale="1" yscale="1" offset="0" rotation="0"/><component type="lower_body" component_id="bob_001" theme_id="family" x="0" y="0" xscale="1" yscale="1" offset="0" rotation="0"/><component type="faceshape" component_id="001" theme_id="family" x="0" y="0" xscale="1" yscale="1" offset="0" rotation="0"/><component type="mouth" component_id="201" theme_id="family" x="0" y="0" xscale="1" yscale="1" offset="0" rotation="0"/><component type="eye" component_id="004" theme_id="family" x="0" y="0" xscale="1" yscale="1" offset="0" rotation="0"/><component id="ID5391" type="facedecoration" component_id="042" theme_id="family" x="2" y="5" xscale="1" yscale="1" offset="0" rotation="0"/><component type="upper_body" component_id="bob_001" theme_id="family" x="0" y="0" xscale="1" yscale="1" offset="0" rotation="0"/><component id="ID3898" type="facedecoration" component_id="072" theme_id="family" x="-17" y="-21" xscale="1.77" yscale="1.77" offset="0" rotation="0"/></cc_char>