<?xml version="1.0" encoding="utf-8"?><cc_char xscale='1' yscale='1' hxscale='1' hyscale='1' headdx='0' headdy='0'><color r="ccSkinColor" oc="0xFFE1C4">0xFFCE95</color><color r="ccEyeLib">0x116BA4</color><color r="ccEyeIris">0x264872</color><color r="ccGlassesFrame">0x264872</color><color r="ccGlassesLens">0x6D777C</color><color r="ccMouthLip">0x264872</color><color r="ccMustache">0x8B6F18</color><color r="ccBeard">0x22AED4</color><color r="ccEyebrow">0x000000</color><color r="ccUpperMain" oc="0x336699">0x43C2E7</color><color r="ccUpperMinor" oc="0xE5E5E5">0x0007EF</color><color r="ccLowerMain" oc="0xCCBC9A">0x2A00FF</color><color r="ccLowerMinor" oc="0xEEEEEE">0x116BA4</color><color r="ccHairMajor">0x19A50D</color><color r="ccDecMajor" targetComponent="ID2319">0x3146FF</color><color r="ccDecMajor" targetComponent="ID2067">0x2E46DB</color><color r="ccDecMajor" targetComponent="ID1075">0x2F46ED</color><color r="ccDecMajor" targetComponent="ID8621">0x2E46DB</color><color r="ccDecMajor" targetComponent="ID4437">0xB3FF84</color><color r="ccDecMajor" targetComponent="ID6517">0xFFFFFF</color><color r="ccDecMajor" targetComponent="ID8145">0xFFFFFF</color><color r="ccDecMajor" targetComponent="ID6893">0xFFFFFF</color><color r="ccDecMajor" targetComponent="ID2147">0xFFFFFF</color><color r="ccDecMajor" targetComponent="ID513">0x5339D2</color><color r="ccDecMajor" targetComponent="ID5468">0x2A00FF</color><color r="ccDecMajor" targetComponent="ID5344">0x2A00FF</color><color r="ccDecMinor" targetComponent="ID5344">0x43C2E7</color><component type="bodyshape" component_id="eve" theme_id="family" x="0" y="0" xscale="1" yscale="1" offset="0" rotation="0"/><component type="skeleton" component_id="eve_001" theme_id="family" x="0" y="0" xscale="1" yscale="1" offset="0" rotation="0"/><component type="mouth" component_id="101" theme_id="family" x="0" y="0" xscale="0.9" yscale="0.9" offset="0" rotation="0"/><component type="faceshape" component_id="034" theme_id="family" x="0" y="1" xscale="0.99" yscale="0.95" offset="0" rotation="0"/><component type="eye" component_id="102" theme_id="family" x="1" y="5" xscale="0.9" yscale="0.9" offset="-1" rotation="0"/><component type="ear" component_id="007" theme_id="family" x="-2" y="0" xscale="0.9" yscale="0.9" offset="0" rotation="0"/><component type="eyebrow" component_id="108" theme_id="family" x="0" y="6" xscale="0.9" yscale="0.9" offset="0" rotation="0"/><component type="nose" component_id="014" theme_id="family" x="-2" y="0" xscale="0.9" yscale="0.9" offset="0" rotation="0"/><component type="upper_body" component_id="eve_a006" theme_id="family" x="0" y="0" xscale="0.9" yscale="0.9" offset="0" rotation="0"/><component type="lower_body" component_id="eve_010" theme_id="family" x="0" y="0" xscale="0.9" yscale="0.9" offset="0" rotation="0"/><component type="hair" component_id="054" theme_id="family" x="-1" y="3" xscale="0.95" yscale="0.95" offset="0" rotation="0"/><component id="ID2319" type="facedecoration" component_id="006" theme_id="family" x="21" y="-13" xscale="1.23" yscale="1.23" offset="0" rotation="0"/><component id="ID2067" type="facedecoration" component_id="006" theme_id="family" x="0" y="-42" xscale="1.35" yscale="1.35" offset="0" rotation="-71"/><component id="ID1075" type="facedecoration" component_id="006" theme_id="family" x="16" y="-25" xscale="2.04" yscale="2.04" offset="0" rotation="-31"/><component id="ID8621" type="facedecoration" component_id="006" theme_id="family" x="43" y="-3" xscale="1.26" yscale="1.26" offset="0" rotation="-123"/><component id="ID4437" type="facedecoration" component_id="057" theme_id="family" x="-3" y="30" xscale="0.9" yscale="0.9" offset="0" rotation="98"/><component id="ID6517" type="facedecoration" component_id="057" theme_id="family" x="22" y="48" xscale="0.72" yscale="0.72" offset="0" rotation="44"/><component id="ID8145" type="facedecoration" component_id="057" theme_id="family" x="32" y="47" xscale="0.44" yscale="0.44" offset="0" rotation="76"/><component type="glasses" component_id="007" theme_id="family" x="2" y="3" xscale="1.01" yscale="1.01" offset="0" rotation="0"/><component id="ID6893" type="facedecoration" component_id="001" theme_id="family" x="-43" y="89" xscale="5.59" yscale="5.59" offset="0" rotation="28"/><component id="ID2147" type="facedecoration" component_id="005" theme_id="family" x="100" y="-32" xscale="3.67" yscale="3.67" offset="0" rotation="-143"/><component id="ID513" type="facedecoration" component_id="069" theme_id="family" x="0" y="0" xscale="0.9" yscale="0.9" offset="0" rotation="0"/><component type="beard" component_id="001" theme_id="family" x="-29" y="-49" xscale="1.44" yscale="1.44" offset="0" rotation="-129"/><component id="ID5468" type="facedecoration" component_id="018" theme_id="family" x="0" y="0" xscale="0.9" yscale="0.9" offset="0" rotation="0"/><component id="ID2740" type="facedecoration" component_id="066" theme_id="family" x="0" y="-3" xscale="0.9" yscale="0.9" offset="0" rotation="0"/><component id="ID5344" type="facedecoration" component_id="041" theme_id="family" x="19" y="0" xscale="0.9" yscale="0.9" offset="0" rotation="-14"/></cc_char>