<?xml version="1.0" encoding="utf-8"?><cc_char xscale='1' yscale='1' hxscale='1' hyscale='1' headdx='0' headdy='0'><color r="ccSkinColor">0xAC8151</color><color r="ccEyeLib">0x1E447B</color><color r="ccEyeIris">0x333333</color><color r="ccGlassesFrame">0xC1BFB8</color><color r="ccGlassesLens">0x737373</color><color r="ccMouthLip">0xB7796A</color><color r="ccEyebrow">0x321F1B</color><color r="ccBackMajor">0x000000</color><color r="ccBackMinor">0x000000</color><color r="ccUpperMain">0xBE5A30</color><component type="bodyshape" component_id="default" theme_id="cc2" x="0" y="0" xscale="1" yscale="1" offset="0" rotation="0"/><component type="freeaction" component_id="default" theme_id="cc2" x="0" y="0" xscale="1" yscale="1" offset="0" rotation="0"/><component type="eye" component_id="002" theme_id="cc2" x="1" y="-3" xscale="0.89" yscale="0.85" offset="-1" rotation="0"/><component type="eyebrow" component_id="002" theme_id="cc2" x="0" y="-3" xscale="1" yscale="1" offset="0" rotation="0"/><component type="faceshape" component_id="002" theme_id="cc2" x="2" y="-5" xscale="1.02" yscale="1.07" offset="0" rotation="3"/><component type="ear" component_id="003" theme_id="cc2" x="-2" y="-7" xscale="1" yscale="1" offset="0" rotation="6"/><component type="hair" component_id="130" theme_id="cc2" x="0" y="-3" xscale="1" yscale="1" offset="0" rotation="0"/><component type="nose" component_id="007" theme_id="cc2" x="1" y="1" xscale="1.07" yscale="1.05" offset="0" rotation="4"/><component type="mouth" component_id="008" theme_id="cc2" x="-1" y="-2" xscale="0.83" yscale="1" offset="0" rotation="0"/><library type="GoUpper" component_id="028" theme_id="cc2"/><library type="GoLower" component_id="005" theme_id="cc2"/><library type="GoHands" component_id="001" theme_id="cc2"/></cc_char>