<?xml version="1.0" encoding="utf-8"?><cc_char xscale='0.7' yscale='0.7' hxscale='1.5' hyscale='1.5' headdx='2' headdy='-2'><color r="ccSkinColor">0xCCCC33</color><color r="ccEyeLib">0xBD8764</color><color r="ccEyeIris">0x003333</color><color r="ccGlassesFrame">0xBE10B0</color><color r="ccGlassesLens">0x737373</color><color r="ccMouthLip">0xB7796A</color><color r="ccEyebrow">0x421D0B</color><color r="ccBackMajor">0x000000</color><color r="ccBackMinor">0x000000</color><component type="bodyshape" component_id="default" theme_id="cc2" x="0" y="0" xscale="1" yscale="1" offset="0" rotation="0"/><component type="freeaction" component_id="default" theme_id="cc2" x="0" y="0" xscale="1" yscale="1" offset="0" rotation="0"/><component type="faceshape" component_id="1001" theme_id="cc2" x="0" y="0" xscale="1" yscale="1" offset="0" rotation="0"/><component type="hair" component_id="1001" theme_id="cc2" x="8" y="-9" xscale="0.79" yscale="0.87" offset="0" rotation="0"/><component type="eye" component_id="1002" theme_id="cc2" x="-1" y="0" xscale="1.34" yscale="1.29" offset="22" rotation="0"/><component id="ID2585" type="facedecoration" component_id="063" theme_id="cc2" x="14" y="-89" xscale="1" yscale="1" offset="0" rotation="-97"/><component id="ID6604" type="facedecoration" component_id="1007" theme_id="cc2" x="16" y="-24" xscale="0.84" yscale="0.84" offset="0" rotation="-39"/><component type="mouth" component_id="1005" theme_id="cc2" x="-8" y="5" xscale="0.78" yscale="0.78" offset="0" rotation="1"/><library type="GoLower" component_id="1001" theme_id="cc2"/><library type="GoHands" component_id="1001" theme_id="cc2"/><library type="GoUpper" component_id="032" theme_id="cc2"/></cc_char>