<?xml version="1.0" encoding="utf-8"?><cc_char xscale='1' yscale='1' hxscale='1' hyscale='1' headdx='0' headdy='0'><color r="ccSkinColor" oc="0xFFE1C4">0xFFCE95</color><color r="ccEyeLib">0xFFCE95</color><color r="ccEyeIris">0x000000</color><color r="ccGlassesFrame">0xBE10B0</color><color r="ccGlassesLens">0x737373</color><color r="ccMouthLip">0x891258</color><color r="ccMustache">0x000000</color><color r="ccBeard">0xFFFFFF</color><color r="ccEyebrow">0x000000</color><color r="ccHairMajor">0x996633</color><color r="ccHairMinor">0x640F0F</color><color r="ccUpperMain" oc="0x336699">0x43C2E7</color><color r="ccUpperMinor" oc="0xE5E5E5">0x0B3573</color><color r="ccLowerMain" oc="0xCCBC9A">0xCC9966</color><color r="ccLowerMinor" oc="0xEEEEEE">0x7B6B15</color><color r="ccDecMajor" targetComponent="ID8627">0xFFCE95</color><color r="ccDecMajor" targetComponent="ID1930">0xFFCE95</color><component type="bodyshape" component_id="adam" theme_id="family" x="0" y="0" xscale="1" yscale="1" offset="0" rotation="0"/><component type="skeleton" component_id="adam_001" theme_id="family" x="0" y="0" xscale="1" yscale="1" offset="0" rotation="0"/><component type="lower_body" component_id="adam_001" theme_id="family" x="0" y="0" xscale="1" yscale="1" offset="0" rotation="0"/><component type="mouth" component_id="201" theme_id="family" x="0" y="0" xscale="1" yscale="1" offset="0" rotation="0"/><component type="upper_body" component_id="adam_a008" theme_id="family" x="0" y="0" xscale="1" yscale="1" offset="0" rotation="0"/><component type="faceshape" component_id="002" theme_id="family" x="0" y="0" xscale="1" yscale="1" offset="0" rotation="0"/><component type="eyebrow" component_id="105" theme_id="family" x="0" y="0" xscale="1" yscale="1" offset="0" rotation="0"/><component type="nose" component_id="025" theme_id="family" x="3" y="3" xscale="1" yscale="1" offset="0" rotation="-3"/><component id="ID8627" type="facedecoration" component_id="072" theme_id="family" x="15" y="-68" xscale="1.55" yscale="1.55" offset="0" rotation="82"/><component id="ID5855" type="facedecoration" component_id="072" theme_id="family" x="15" y="-68" xscale="1.05" yscale="1.05" offset="0" rotation="80"/><component id="ID1930" type="facedecoration" component_id="072" theme_id="family" x="-8" y="-68" xscale="1.52" yscale="1.52" offset="0" rotation="83"/><component id="ID4096" type="facedecoration" component_id="072" theme_id="family" x="-8" y="-68" xscale="1.03" yscale="1.03" offset="0" rotation="81"/><component id="ID5019" type="facedecoration" component_id="007" theme_id="family" x="-7" y="-50" xscale="1" yscale="1" offset="0" rotation="0"/><component id="ID7607" type="facedecoration" component_id="007" theme_id="family" x="-14" y="-84" xscale="1" yscale="1" offset="0" rotation="102"/><component type="eye" component_id="001" theme_id="family" x="0" y="0" xscale="0.76" yscale="0.76" offset="0" rotation="0"/></cc_char>