<?xml version="1.0" encoding="utf-8"?><cc_char xscale='1' yscale='1' hxscale='1' hyscale='1' headdx='0' headdy='0'><color r="ccSkinColor" oc="0xFFE1C4">0xFFFFFF</color><color r="ccEyeLib">0xFFFFFF</color><color r="ccEyeIris">0x000000</color><color r="ccGlassesFrame">0xBE10B0</color><color r="ccGlassesLens">0x737373</color><color r="ccMouthLip">0x891258</color><color r="ccMustache">0x000000</color><color r="ccBeard">0xFFFFFF</color><color r="ccEyebrow">0x000000</color><color r="ccHairMajor">0x996633</color><color r="ccHairMinor">0x640F0F</color><color r="ccUpperMain" oc="0x336699">0x2ADFDF</color><color r="ccUpperMinor" oc="0xE5E5E5">0xF86C6C</color><color r="ccLowerMain" oc="0xCCBC9A">0x43C2E7</color><color r="ccLowerMinor" oc="0xEEEEEE">0xFF0000</color><color r="ccDecMajor" targetComponent="ID7590">0xFFFFFF</color><color r="ccDecMajor" targetComponent="ID8257">0xFFFFFF</color><color r="ccDecMajor" targetComponent="ID500">0xFF8DF9</color><color r="ccDecMajor" targetComponent="ID6043">0xFF8DF9</color><component type="bodyshape" component_id="adam" theme_id="family" x="0" y="0" xscale="1" yscale="1" offset="0" rotation="0"/><component type="skeleton" component_id="adam_001" theme_id="family" x="0" y="0" xscale="1" yscale="1" offset="0" rotation="0"/><component type="lower_body" component_id="adam_001" theme_id="family" x="0" y="0" xscale="1" yscale="1" offset="0" rotation="0"/><component type="mouth" component_id="201" theme_id="family" x="0" y="0" xscale="1" yscale="1" offset="0" rotation="0"/><component type="upper_body" component_id="adam_a008" theme_id="family" x="0" y="0" xscale="1" yscale="1" offset="0" rotation="0"/><component id="ID7590" type="facedecoration" component_id="043" theme_id="family" x="-34" y="-76" xscale="0.98" yscale="0.98" offset="0" rotation="82"/><component id="ID8257" type="facedecoration" component_id="043" theme_id="family" x="-59" y="-77" xscale="0.99" yscale="0.99" offset="0" rotation="83"/><component id="ID500" type="facedecoration" component_id="043" theme_id="family" x="-6" y="-73" xscale="0.46" yscale="0.46" offset="0" rotation="94"/><component id="ID6043" type="facedecoration" component_id="043" theme_id="family" x="-30" y="-72" xscale="0.45" yscale="0.45" offset="0" rotation="91"/><component type="nose" component_id="025" theme_id="family" x="2" y="3" xscale="1" yscale="1" offset="0" rotation="0"/><component type="eyebrow" component_id="107" theme_id="family" x="0" y="0" xscale="1" yscale="1" offset="0" rotation="0"/><component id="ID4009" type="facedecoration" component_id="005" theme_id="family" x="-17" y="-51" xscale="1" yscale="1" offset="0" rotation="64"/><component id="ID3181" type="facedecoration" component_id="005" theme_id="family" x="-10" y="-48" xscale="1" yscale="1" offset="0" rotation="55"/><component id="ID7814" type="facedecoration" component_id="005" theme_id="family" x="-9" y="-52" xscale="1" yscale="1" offset="0" rotation="67"/><component type="faceshape" component_id="002" theme_id="family" x="0" y="0" xscale="1" yscale="1" offset="0" rotation="0"/><component type="eye" component_id="004" theme_id="family" x="0" y="0" xscale="0.89" yscale="0.89" offset="0" rotation="0"/></cc_char>