<?xml version="1.0" encoding="utf-8"?><cc_char xscale='0.67' yscale='0.67' hxscale='1.8' hyscale='1.8' headdx='0' headdy='0'><color r="ccSkinColor" oc="0xFFE1C4">0x994226</color><color r="ccEyeLib">0x994226</color><color r="ccEyeIris">0x6F3507</color><color r="ccGlassesFrame">0xBE10B0</color><color r="ccGlassesLens">0x737373</color><color r="ccMouthLip">0x891258</color><color r="ccMustache">0x000000</color><color r="ccBeard">0xFFFFFF</color><color r="ccEyebrow">0x5F1E00</color><color r="ccUpperMain" oc="0x336699">0xD3BC4A</color><color r="ccUpperMinor" oc="0xE5E5E5">0xFFFFFF</color><color r="ccLowerMain" oc="0xCCBC9A">0x3B6BB3</color><color r="ccLowerMinor" oc="0xEEEEEE">0xE03838</color><color r="ccHairMajor">0x260705</color><color r="ccDecMajor" targetComponent="ID6430">0xB51616</color><color r="ccDecMajor" targetComponent="ID1937">0x264B77</color><color r="ccDecMajor" targetComponent="ID76">0x009452</color><color r="ccDecMajor" targetComponent="ID5633">0x009452</color><color r="ccDecMajor" targetComponent="ID3298">0x009452</color><color r="ccDecMajor" targetComponent="ID4370">0x009452</color><color r="ccDecMajor" targetComponent="ID7082">0x009452</color><color r="ccDecMajor" targetComponent="ID5159">0x009452</color><color r="ccDecMajor" targetComponent="ID5146">0x264B77</color><component type="bodyshape" component_id="adam" theme_id="family" x="0" y="0" xscale="1" yscale="1" offset="0" rotation="0"/><component type="skeleton" component_id="adam_001" theme_id="family" x="0" y="0" xscale="1" yscale="1" offset="0" rotation="0"/><component type="upper_body" component_id="adam_a008" theme_id="family" x="0" y="0" xscale="1" yscale="1" offset="0" rotation="0"/><component type="faceshape" component_id="033" theme_id="family" x="-29" y="-17" xscale="1.04" yscale="1.04" offset="0" rotation="90"/><component type="hair" component_id="011" theme_id="family" x="9" y="15" xscale="1.03" yscale="1.03" offset="0" rotation="-5"/><component type="ear" component_id="002" theme_id="family" x="4" y="14" xscale="1.06" yscale="1.06" offset="0" rotation="0"/><component id="ID6430" type="facedecoration" component_id="016" theme_id="family" x="1" y="-11" xscale="0.82" yscale="0.82" offset="0" rotation="50"/><component id="ID1937" type="facedecoration" component_id="043" theme_id="family" x="-18" y="-6" xscale="1.13" yscale="1.13" offset="0" rotation="40"/><component type="eyebrow" component_id="107" theme_id="family" x="3" y="14" xscale="1" yscale="1" offset="2" rotation="0"/><component type="nose" component_id="008" theme_id="family" x="2" y="12" xscale="0.82" yscale="0.82" offset="0" rotation="0"/><component type="mouth" component_id="201" theme_id="family" x="1" y="7" xscale="1.19" yscale="1.19" offset="0" rotation="0"/><component type="lower_body" component_id="adam_004" theme_id="family" x="0" y="0" xscale="1" yscale="1" offset="0" rotation="0"/><component id="ID76" type="facedecoration" component_id="031" theme_id="family" x="8" y="-1" xscale="0.22" yscale="0.22" offset="0" rotation="150"/><component id="ID5633" type="facedecoration" component_id="031" theme_id="family" x="14" y="14" xscale="0.23" yscale="0.23" offset="0" rotation="162"/><component id="ID3298" type="facedecoration" component_id="031" theme_id="family" x="-8" y="3" xscale="0.12" yscale="0.12" offset="0" rotation="174"/><component id="ID4370" type="facedecoration" component_id="031" theme_id="family" x="-12" y="11" xscale="0.13" yscale="0.13" offset="0" rotation="165"/><component id="ID7082" type="facedecoration" component_id="031" theme_id="family" x="-14" y="21" xscale="0.13" yscale="0.13" offset="0" rotation="163"/><component id="ID5159" type="facedecoration" component_id="031" theme_id="family" x="-14" y="30" xscale="0.11" yscale="0.11" offset="0" rotation="160"/><component id="ID5146" type="facedecoration" component_id="072" theme_id="family" x="54" y="-44" xscale="0.72" yscale="0.72" offset="0" rotation="54"/><component type="eye" component_id="001" theme_id="family" x="3" y="14" xscale="0.83" yscale="0.83" offset="4" rotation="0"/></cc_char>