<?xml version="1.0" encoding="utf-8"?><cc_char xscale='1' yscale='1' hxscale='1' hyscale='1' headdx='0' headdy='0'><color r="ccSkinColor">0xE2C294</color><color r="ccEyeLib">0x1E447B</color><color r="ccEyeIris">0x1037C3</color><color r="ccGlassesFrame">0x690989</color><color r="ccGlassesLens">0x2421FF</color><color r="ccMouthLip">0xB7796A</color><color r="ccEyebrow">0x1B9010</color><color r="ccHairMajor">0x1B9010</color><color r="ccUpperMain">0x1AF8DA</color><color r="ccUpperMinor">0x1C0AB6</color><color r="ccLowerMain">0x373DEF</color><color r="ccBackMajor">0x78FF71</color><color r="ccBackMinor">0xFFFFFF</color><color r="ccDecMajor" targetComponent="ID7645">0x56AF1E</color><color r="ccDecMajor" targetComponent="ID1574">0x2B8EB5</color><color r="ccDecMajor" targetComponent="ID9834">0x3A26F6</color><color r="ccDecMajor" targetComponent="ID1689">0xA41E1E</color><component type="bodyshape" component_id="default" theme_id="cc2" x="0" y="0" xscale="1" yscale="1" offset="0" rotation="0"/><component type="freeaction" component_id="default" theme_id="cc2" x="0" y="0" xscale="1" yscale="1" offset="0" rotation="0"/><component type="eyebrow" component_id="002" theme_id="cc2" x="0" y="0" xscale="0.61" yscale="0.61" offset="0" rotation="-12"/><component type="ear" component_id="003" theme_id="cc2" x="0" y="0" xscale="1" yscale="1" offset="0" rotation="0"/><component type="mouth" component_id="008" theme_id="cc2" x="-2" y="0" xscale="0.87" yscale="0.87" offset="0" rotation="0"/><component type="hair" component_id="005" theme_id="cc2" x="0" y="0" xscale="1" yscale="1" offset="0" rotation="0"/><component type="faceshape" component_id="001" theme_id="cc2" x="0" y="0" xscale="1" yscale="1" offset="0" rotation="0"/><component type="eye" component_id="002" theme_id="cc2" x="0" y="0" xscale="1" yscale="1" offset="0" rotation="0"/><component type="nose" component_id="002" theme_id="cc2" x="0" y="0" xscale="1" yscale="1" offset="0" rotation="0"/><component type="glasses" component_id="002" theme_id="cc2" x="1" y="-2" xscale="0.83" yscale="0.83" offset="0" rotation="0"/><component id="ID4427" type="facedecoration" component_id="044" theme_id="cc2" x="0" y="0" xscale="1" yscale="1" offset="0" rotation="0"/><component id="ID7645" type="facedecoration" component_id="015" theme_id="cc2" x="0" y="8" xscale="1" yscale="1" offset="0" rotation="0"/><component id="ID1574" type="facedecoration" component_id="015" theme_id="cc2" x="1" y="2" xscale="1" yscale="1" offset="0" rotation="0"/><component id="ID9834" type="facedecoration" component_id="015" theme_id="cc2" x="2" y="-5" xscale="1" yscale="1" offset="0" rotation="0"/><component id="ID1689" type="facedecoration" component_id="031" theme_id="cc2" x="5" y="-26" xscale="1.06" yscale="1.06" offset="0" rotation="2"/><library type="GoHands" component_id="001" theme_id="cc2"/><library type="GoUpper" component_id="088" theme_id="cc2"/><library type="GoLower" component_id="020" theme_id="cc2"/><library type="GoBehindBody" component_id="006" theme_id="cc2"/></cc_char>