<?xml version="1.0" encoding="utf-8"?><cc_char xscale='0.7' yscale='0.7' hxscale='1.5' hyscale='1.5' headdx='2' headdy='-2'><color r="ccSkinColor">0xFFCC66</color><color r="ccEyeLib">0xBD8764</color><color r="ccEyeIris">0x003333</color><color r="ccGlassesFrame">0xBE10B0</color><color r="ccGlassesLens">0x737373</color><color r="ccMouthLip">0xB7796A</color><color r="ccEyebrow">0x421D0B</color><color r="ccBackMajor">0x000000</color><color r="ccBackMinor">0x000000</color><component type="bodyshape" component_id="default" theme_id="cc2" x="0" y="0" xscale="1" yscale="1" offset="0" rotation="0"/><component type="freeaction" component_id="default" theme_id="cc2" x="0" y="0" xscale="1" yscale="1" offset="0" rotation="0"/><component type="faceshape" component_id="1001" theme_id="cc2" x="0" y="0" xscale="1" yscale="1" offset="0" rotation="0"/><component type="eye" component_id="1002" theme_id="cc2" x="1" y="-6" xscale="1.16" yscale="1.1" offset="18" rotation="0"/><component type="mouth" component_id="1005" theme_id="cc2" x="-7" y="-3" xscale="0.83" yscale="0.83" offset="0" rotation="2"/><component id="ID9101" type="facedecoration" component_id="063" theme_id="cc2" x="-14" y="-80" xscale="1" yscale="5" offset="0" rotation="56"/><component id="ID9847" type="facedecoration" component_id="1007" theme_id="cc2" x="15" y="-33" xscale="0.73" yscale="0.73" offset="0" rotation="-44"/><component type="hair" component_id="041" theme_id="cc2" x="6" y="6" xscale="1.38" yscale="1.01" offset="0" rotation="-10"/><library type="GoLower" component_id="1001" theme_id="cc2"/><library type="GoHands" component_id="1001" theme_id="cc2"/><library type="GoUpper" component_id="032" theme_id="cc2"/></cc_char>