<?xml version="1.0" encoding="utf-8"?><cc_char xscale='0.7' yscale='0.7' hxscale='1.5' hyscale='1.5' headdx='3' headdy='-1'><color r="ccSkinColor">0xFFC043</color><color r="ccEyeLib">0xBD8764</color><color r="ccEyeIris">0x003333</color><color r="ccGlassesFrame">0xBE10B0</color><color r="ccGlassesLens">0x737373</color><color r="ccMouthLip">0xB7796A</color><color r="ccEyebrow">0x421D0B</color><color r="ccBackMajor">0x000000</color><color r="ccBackMinor">0x000000</color><component type="bodyshape" component_id="default" theme_id="cc2" x="0" y="0" xscale="1" yscale="1" offset="0" rotation="0"/><component type="freeaction" component_id="default" theme_id="cc2" x="0" y="0" xscale="1" yscale="1" offset="0" rotation="0"/><component type="faceshape" component_id="1001" theme_id="cc2" x="0" y="0" xscale="1" yscale="1.05" offset="0" rotation="0"/><component type="hair" component_id="1007" theme_id="cc2" x="1" y="1" xscale="1.03" yscale="1.04" offset="0" rotation="0"/><component type="mouth" component_id="1005" theme_id="cc2" x="-9" y="3" xscale="0.71" yscale="0.65" offset="0" rotation="3"/><component type="eye" component_id="1002" theme_id="cc2" x="0" y="2" xscale="1.1" yscale="0.94" offset="28" rotation="-6"/><library type="GoHands" component_id="1001" theme_id="cc2"/><library type="GoLower" component_id="1002" theme_id="cc2"/><library type="GoUpper" component_id="032" theme_id="cc2"/></cc_char>