<?xml version="1.0" encoding="utf-8"?><cc_char xscale='0.7' yscale='0.7' hxscale='1.5' hyscale='1.5' headdx='0' headdy='1'><color r="ccSkinColor">0xCE9D7D</color><color r="ccEyeLib">0xBD8764</color><color r="ccEyeIris">0x003333</color><color r="ccGlassesFrame">0x333333</color><color r="ccGlassesLens">0x737373</color><color r="ccMouthLip">0xB7796A</color><color r="ccEyebrow">0x421D0B</color><color r="ccFaceHairColor">0x993300</color><color r="ccUpperMain">0x5B88B5</color><color r="ccUpperMinor">0xFFCC00</color><color r="ccBackMajor">0x53A8DF</color><color r="ccBackMinor">0x3366CC</color><component type="bodyshape" component_id="default" theme_id="cc2" x="0" y="0" xscale="1" yscale="1" offset="0" rotation="0"/><component type="freeaction" component_id="default" theme_id="cc2" x="0" y="0" xscale="1" yscale="1" offset="0" rotation="0"/><component type="hair" component_id="1002" theme_id="cc2" x="0" y="20" xscale="1.27" yscale="1.2" offset="0" rotation="0"/><component type="faceshape" component_id="1003" theme_id="cc2" x="0" y="0" xscale="1" yscale="1" offset="0" rotation="0"/><component type="eye" component_id="1001" theme_id="cc2" x="-2" y="-7" xscale="1.59" yscale="1.59" offset="27" rotation="0"/><component type="glasses" component_id="009" theme_id="cc2" x="-4" y="-10" xscale="1.47" yscale="1.28" offset="0" rotation="0"/><component type="nose" component_id="002" theme_id="cc2" x="-2" y="-22" xscale="1" yscale="1" offset="0" rotation="0"/><component type="mouth" component_id="1002" theme_id="cc2" x="-11" y="2" xscale="0.92" yscale="0.53" offset="0" rotation="0"/><library type="GoHands" component_id="1001" theme_id="cc2"/><library type="GoLower" component_id="1001" theme_id="cc2"/><library type="GoUpper" component_id="1003" theme_id="cc2"/><library type="GoBehindBody" component_id="005" theme_id="cc2"/></cc_char>