<?xml version="1.0" encoding="utf-8"?><cc_char xscale='0.6' yscale='0.6' hxscale='1.5' hyscale='1.5' headdx='0' headdy='0'><color r="ccSkinColor">0xEDEDED</color><color r="ccEyeLib">0xBD8764</color><color r="ccEyeIris">0x003333</color><color r="ccGlassesFrame">0xBE10B0</color><color r="ccGlassesLens">0x737373</color><color r="ccMouthLip">0xE47070</color><color r="ccEyebrow">0x421D0B</color><color r="ccBackMajor">0x000000</color><color r="ccBackMinor">0x000000</color><color r="ccUpperMain">0x5B88B5</color><color r="ccUpperMinor">0x4D525E</color><color r="ccDecMajor" targetComponent="ID2762">0x229104</color><color r="ccDecMajor" targetComponent="ID7543">0x8AA783</color><color r="ccDecMajor" targetComponent="ID5204">0x8AA783</color><color r="ccDecMajor" targetComponent="ID3167">0x229104</color><color r="ccLowerMain">0x1D3B7A</color><component type="bodyshape" component_id="default" theme_id="cc2" x="0" y="0" xscale="1" yscale="1" offset="0" rotation="0"/><component type="freeaction" component_id="default" theme_id="cc2" x="0" y="0" xscale="1" yscale="1" offset="0" rotation="0"/><component type="faceshape" component_id="1001" theme_id="cc2" x="0" y="0" xscale="1" yscale="1" offset="0" rotation="0"/><component type="eye" component_id="1001" theme_id="cc2" x="2" y="0" xscale="0.9" yscale="0.88" offset="33" rotation="0"/><component type="hair" component_id="1001" theme_id="cc2" x="1" y="-32" xscale="0.7" yscale="0.58" offset="0" rotation="8"/><component type="mouth" component_id="1005" theme_id="cc2" x="-5" y="2" xscale="0.88" yscale="0.88" offset="0" rotation="3"/><component type="nose" component_id="1001" theme_id="cc2" x="0" y="4" xscale="1" yscale="1" offset="0" rotation="0"/><component id="ID2762" type="facedecoration" component_id="091" theme_id="cc2" x="1" y="-57" xscale="0.42" yscale="0.42" offset="0" rotation="4"/><component id="ID1288" type="facedecoration" component_id="031" theme_id="cc2" x="4" y="-100" xscale="0.1" yscale="0.1" offset="0" rotation="-88"/><component id="ID7543" type="facedecoration" component_id="031" theme_id="cc2" x="8" y="-97" xscale="0.11" yscale="0.11" offset="0" rotation="4"/><component id="ID5204" type="facedecoration" component_id="031" theme_id="cc2" x="-4" y="-98" xscale="0.1" yscale="0.1" offset="0" rotation="3"/><component id="ID3167" type="facedecoration" component_id="005" theme_id="cc2" x="-14" y="-95" xscale="0.46" yscale="0.46" offset="0" rotation="0"/><library type="GoHands" component_id="1001" theme_id="cc2"/><library type="GoUpper" component_id="1004" theme_id="cc2"/><library type="GoLower" component_id="2010" theme_id="cc2"/></cc_char>