<?xml version="1.0" encoding="utf-8"?><cc_char xscale='1' yscale='1' hxscale='1' hyscale='1' headdx='0' headdy='0'><color r="ccSkinColor" oc="0xFFE1C4">0x744726</color><color r="ccEyeLib">0x742525</color><color r="ccEyeIris">0x000000</color><color r="ccGlassesFrame">0xFF0000</color><color r="ccGlassesLens">0xFF0000</color><color r="ccMouthLip">0xFF6666</color><color r="ccMustache">0x8B6F18</color><color r="ccBeard">0xC29B22</color><color r="ccEyebrow">0x000000</color><color r="ccUpperMain" oc="0x336699">0x34212D</color><color r="ccUpperMinor" oc="0xE5E5E5">0xFFFFCC</color><color r="ccLowerMain" oc="0xCCBC9A">0x34212D</color><color r="ccLowerMinor" oc="0xEEEEEE">0x663300</color><color r="ccHairMajor">0x360202</color><color r="ccHairMinor">0x663366</color><component type="bodyshape" component_id="eve" theme_id="family" x="0" y="0" xscale="1" yscale="1" offset="0" rotation="0"/><component type="skeleton" component_id="eve_001" theme_id="family" x="0" y="0" xscale="1" yscale="1" offset="0" rotation="0"/><component type="faceshape" component_id="034" theme_id="family" x="0" y="1" xscale="0.99" yscale="0.95" offset="0" rotation="0"/><component type="upper_body" component_id="eve_001" theme_id="family" x="0" y="0" xscale="0.9" yscale="0.9" offset="0" rotation="0"/><component type="ear" component_id="002" theme_id="family" x="-3" y="0" xscale="0.9" yscale="0.9" offset="0" rotation="0"/><component type="nose" component_id="005" theme_id="family" x="-4" y="0" xscale="0.9" yscale="0.9" offset="0" rotation="0"/><component type="eyebrow" component_id="107" theme_id="family" x="0" y="7" xscale="0.9" yscale="0.9" offset="0" rotation="0"/><component type="lower_body" component_id="eve_002" theme_id="family" x="0" y="0" xscale="0.9" yscale="0.9" offset="0" rotation="0"/><component type="hair" component_id="061" theme_id="family" x="-1" y="-2" xscale="0.93" yscale="0.9" offset="0" rotation="0"/><component type="eye" component_id="102" theme_id="family" x="0" y="5" xscale="0.9" yscale="0.9" offset="0" rotation="0"/><component type="mouth" component_id="001" theme_id="family" x="-4" y="-4" xscale="0.62" yscale="0.75" offset="0" rotation="0"/></cc_char>