<?xml version="1.0" encoding="utf-8"?><cc_char xscale='1' yscale='1' hxscale='1' hyscale='1' headdx='0' headdy='0'><color r="ccSkinColor" oc="0xFFE1C4">0xFFCE95</color><color r="ccEyeLib">0xFFCE95</color><color r="ccEyeIris">0x264872</color><color r="ccGlassesFrame">0x264872</color><color r="ccGlassesLens">0x737373</color><color r="ccMouthLip">0x891258</color><color r="ccMustache">0x264872</color><color r="ccBeard">0xFFFFFF</color><color r="ccEyebrow">0x264872</color><color r="ccUpperMain" oc="0x336699">0x22F765</color><color r="ccUpperMinor" oc="0xE5E5E5">0x159315</color><color r="ccLowerMain" oc="0xCCBC9A">0x43C2E7</color><color r="ccLowerMinor" oc="0xEEEEEE">0x116BA4</color><color r="ccHairMajor">0x264872</color><color r="ccDecMajor" targetComponent="ID1226">0x264872</color><color r="ccDecMajor" targetComponent="ID4998">0x264872</color><color r="ccDecMajor" targetComponent="ID2990">0x264872</color><color r="ccDecMajor" targetComponent="ID7492">0x264872</color><color r="ccDecMajor" targetComponent="ID5888">0x264872</color><color r="ccDecMajor" targetComponent="ID8520">0x264872</color><color r="ccDecMajor" targetComponent="ID7963">0x264872</color><color r="ccDecMajor" targetComponent="ID1040">0x2257C1</color><color r="ccDecMajor" targetComponent="ID5204">0x4B82F2</color><color r="ccDecMinor" targetComponent="ID5204">0x991E1E</color><component type="bodyshape" component_id="adam" theme_id="family" x="0" y="0" xscale="1" yscale="1" offset="0" rotation="0"/><component type="skeleton" component_id="adam_001" theme_id="family" x="0" y="0" xscale="1" yscale="1" offset="0" rotation="0"/><component type="faceshape" component_id="001" theme_id="family" x="0" y="0" xscale="1" yscale="1" offset="0" rotation="0"/><component type="lower_body" component_id="adam_007" theme_id="family" x="0" y="0" xscale="1" yscale="1" offset="0" rotation="0"/><component type="eye" component_id="004" theme_id="family" x="0" y="0" xscale="1" yscale="1" offset="0" rotation="0"/><component type="eyebrow" component_id="003" theme_id="family" x="0" y="0" xscale="1" yscale="1" offset="0" rotation="0"/><component type="mustache" component_id="007" theme_id="family" x="0" y="0" xscale="1" yscale="1" offset="0" rotation="0"/><component type="ear" component_id="006" theme_id="family" x="0" y="0" xscale="1" yscale="1" offset="0" rotation="0"/><component type="mouth" component_id="001" theme_id="family" x="0" y="0" xscale="1" yscale="1" offset="0" rotation="0"/><component type="hair" component_id="109" theme_id="family" x="0" y="1" xscale="0.97" yscale="0.97" offset="0" rotation="2"/><component type="nose" component_id="014" theme_id="family" x="-1" y="-1" xscale="1" yscale="1" offset="0" rotation="0"/><component type="glasses" component_id="001" theme_id="family" x="0" y="0" xscale="1" yscale="1" offset="0" rotation="0"/><component id="ID1226" type="facedecoration" component_id="024" theme_id="family" x="-9" y="-63" xscale="0.19" yscale="0.19" offset="0" rotation="-62"/><component id="ID4998" type="facedecoration" component_id="024" theme_id="family" x="-11" y="-64" xscale="0.18" yscale="0.18" offset="0" rotation="-88"/><component id="ID2990" type="facedecoration" component_id="024" theme_id="family" x="-12" y="-61" xscale="0.19" yscale="0.19" offset="0" rotation="-113"/><component id="ID7492" type="facedecoration" component_id="001" theme_id="family" x="-52" y="-2" xscale="3.1" yscale="3.1" offset="0" rotation="0"/><component id="ID5888" type="facedecoration" component_id="001" theme_id="family" x="-55" y="-9" xscale="3.3" yscale="3.3" offset="0" rotation="0"/><component id="ID8520" type="facedecoration" component_id="001" theme_id="family" x="-54" y="-7" xscale="3.08" yscale="3.08" offset="0" rotation="0"/><component id="ID7963" type="facedecoration" component_id="001" theme_id="family" x="-37" y="-32" xscale="2.08" yscale="2.08" offset="0" rotation="0"/><component id="ID1040" type="facedecoration" component_id="069" theme_id="family" x="0" y="0" xscale="1" yscale="1" offset="0" rotation="0"/><component id="ID5204" type="facedecoration" component_id="022" theme_id="family" x="8" y="-33" xscale="0.68" yscale="0.68" offset="0" rotation="0"/><component id="ID3831" type="facedecoration" component_id="043" theme_id="family" x="0" y="-15" xscale="1" yscale="1" offset="0" rotation="7"/><component id="ID7278" type="facedecoration" component_id="009" theme_id="family" x="16" y="13" xscale="0.86" yscale="0.86" offset="0" rotation="5"/><component type="upper_body" component_id="adam_a011" theme_id="family" x="0" y="0" xscale="1" yscale="1" offset="0" rotation="0"/></cc_char>