<?xml version="1.0" encoding="utf-8"?><cc_char xscale='0.7' yscale='0.7' hxscale='1.5' hyscale='1.5' headdx='0' headdy='0'><color r="ccSkinColor">0xB7B7B7</color><color r="ccEyeLib">0xBD8764</color><color r="ccEyeIris">0x003333</color><color r="ccGlassesFrame">0xBE10B0</color><color r="ccGlassesLens">0x737373</color><color r="ccMouthLip">0xB7796A</color><color r="ccEyebrow">0x421D0B</color><color r="ccBackMajor">0x000000</color><color r="ccBackMinor">0x000000</color><color r="ccUpperMain">0x2F2F2F</color><color r="ccUpperMinor">0xFF1919</color><component type="bodyshape" component_id="default" theme_id="cc2" x="0" y="0" xscale="1" yscale="1" offset="0" rotation="0"/><component type="freeaction" component_id="default" theme_id="cc2" x="0" y="0" xscale="1" yscale="1" offset="0" rotation="0"/><component type="mouth" component_id="1003" theme_id="cc2" x="-6" y="-5" xscale="1.02" yscale="0.6" offset="0" rotation="4"/><component type="eye" component_id="1003" theme_id="cc2" x="2" y="0" xscale="0.9" yscale="0.88" offset="33" rotation="0"/><component type="hair" component_id="1001" theme_id="cc2" x="0" y="-19" xscale="0.9" yscale="0.78" offset="0" rotation="8"/><component type="faceshape" component_id="1003" theme_id="cc2" x="0" y="0" xscale="1" yscale="1" offset="0" rotation="0"/><component type="eyebrow" component_id="005" theme_id="cc2" x="1" y="2" xscale="1.3" yscale="1.3" offset="37" rotation="0"/><component type="nose" component_id="1003" theme_id="cc2" x="0" y="0" xscale="1" yscale="1" offset="0" rotation="0"/><component id="ID3051" type="facedecoration" component_id="2003" theme_id="cc2" x="1" y="10" xscale="0.93" yscale="0.93" offset="0" rotation="-94"/><component id="ID7600" type="facedecoration" component_id="1006" theme_id="cc2" x="-22" y="-69" xscale="0.95" yscale="0.95" offset="0" rotation="45"/><component id="ID8444" type="facedecoration" component_id="1006" theme_id="cc2" x="-18" y="-100" xscale="0.95" yscale="0.95" offset="0" rotation="65"/><component id="ID2296" type="facedecoration" component_id="1006" theme_id="cc2" x="-8" y="-88" xscale="0.92" yscale="0.92" offset="0" rotation="55"/><library type="GoHands" component_id="1001" theme_id="cc2"/><library type="GoUpper" component_id="1007" theme_id="cc2"/><library type="GoLower" component_id="1002" theme_id="cc2"/></cc_char>