<?xml version="1.0" encoding="utf-8"?><cc_char xscale='1' yscale='1' hxscale='1' hyscale='1' headdx='0' headdy='0'><color r="ccSkinColor" oc="0xFFE1C4">0xFFCE95</color><color r="ccEyeLib">0xFFCE95</color><color r="ccEyeIris">0x000000</color><color r="ccGlassesFrame">0xBE10B0</color><color r="ccGlassesLens">0x737373</color><color r="ccMouthLip">0x891258</color><color r="ccMustache">0x000000</color><color r="ccBeard">0xFFFFFF</color><color r="ccEyebrow">0x000000</color><color r="ccUpperMain" oc="0x336699">0x993333</color><color r="ccUpperMinor" oc="0xE5E5E5">0xFFFFFF</color><color r="ccLowerMain" oc="0xCCBC9A">0xCC9966</color><color r="ccLowerMinor" oc="0xEEEEEE">0xFFFFFF</color><component type="bodyshape" component_id="adam" theme_id="family" x="0" y="0" xscale="1" yscale="1" offset="0" rotation="0"/><component type="skeleton" component_id="adam_001" theme_id="family" x="0" y="0" xscale="1" yscale="1" offset="0" rotation="0"/><component type="upper_body" component_id="adam_005" theme_id="family" x="0" y="0" xscale="1" yscale="1" offset="0" rotation="0"/><component type="lower_body" component_id="adam_001" theme_id="family" x="0" y="0" xscale="1" yscale="1" offset="0" rotation="0"/><component type="nose" component_id="001" theme_id="family" x="8" y="8" xscale="0.2" yscale="0.2" offset="0" rotation="0"/><component type="mouth" component_id="001" theme_id="family" x="9" y="9" xscale="0.27" yscale="0.27" offset="0" rotation="0"/><component type="eye" component_id="004" theme_id="family" x="17" y="34" xscale="0.22" yscale="0.22" offset="-15" rotation="0"/><component type="eyebrow" component_id="107" theme_id="family" x="17" y="42" xscale="0.16" yscale="0.16" offset="-14" rotation="-1"/><component type="ear" component_id="006" theme_id="family" x="5" y="11" xscale="0.33" yscale="0.33" offset="0" rotation="-1"/><component type="hair" component_id="008" theme_id="family" x="8" y="10" xscale="0.25" yscale="0.25" offset="0" rotation="0"/></cc_char>