<?xml version="1.0" encoding="utf-8"?><cc_char xscale='1' yscale='1' hxscale='1' hyscale='1' headdx='0' headdy='0'><color r="ccSkinColor" oc="0xFFE1C4">0xFBDB65</color><color r="ccEyeLib">0xFBDB65</color><color r="ccEyeIris">0x000000</color><color r="ccGlassesFrame">0xBE10B0</color><color r="ccGlassesLens">0x737373</color><color r="ccMouthLip">0x891258</color><color r="ccMustache">0x000000</color><color r="ccBeard">0xFFFFFF</color><color r="ccEyebrow">0x996633</color><color r="ccHairMajor">0x996633</color><color r="ccHairMinor">0x640F0F</color><color r="ccUpperMain" oc="0x336699">0x4A851D</color><color r="ccUpperMinor" oc="0xE5E5E5">0xE4770D</color><color r="ccLowerMain" oc="0xCCBC9A">0x9C541E</color><color r="ccLowerMinor" oc="0xEEEEEE">0x781813</color><color r="ccDecMajor" targetComponent="ID9019">0xE4770D</color><color r="ccDecMajor" targetComponent="ID5988">0xE4770D</color><color r="ccDecMajor" targetComponent="ID7103">0xFBDB65</color><color r="ccDecMajor" targetComponent="ID6160">0x4A851D</color><color r="ccDecMajor" targetComponent="ID2860">0xBA100E</color><color r="ccDecMajor" targetComponent="ID5081">0xD572DC</color><color r="ccDecMajor" targetComponent="ID5996">0xF0C20A</color><component type="bodyshape" component_id="adam" theme_id="family" x="0" y="0" xscale="1" yscale="1" offset="0" rotation="0"/><component type="skeleton" component_id="adam_001" theme_id="family" x="0" y="0" xscale="1" yscale="1" offset="0" rotation="0"/><component type="lower_body" component_id="adam_001" theme_id="family" x="0" y="0" xscale="1" yscale="1" offset="0" rotation="0"/><component type="faceshape" component_id="001" theme_id="family" x="0" y="0" xscale="1" yscale="1" offset="0" rotation="0"/><component type="mouth" component_id="201" theme_id="family" x="0" y="0" xscale="1" yscale="1" offset="0" rotation="0"/><component type="eye" component_id="001" theme_id="family" x="0" y="-5" xscale="0.89" yscale="0.89" offset="-4" rotation="0"/><component type="upper_body" component_id="adam_002" theme_id="family" x="0" y="0" xscale="1" yscale="1" offset="0" rotation="0"/><component id="ID9019" type="facedecoration" component_id="043" theme_id="family" x="64" y="19" xscale="1.38" yscale="1.38" offset="0" rotation="-118"/><component id="ID5988" type="facedecoration" component_id="043" theme_id="family" x="4" y="28" xscale="1" yscale="1" offset="0" rotation="-180"/><component id="ID7103" type="facedecoration" component_id="042" theme_id="family" x="2" y="7" xscale="1" yscale="1" offset="0" rotation="0"/><component id="ID6160" type="facedecoration" component_id="024" theme_id="family" x="0" y="-17" xscale="0.79" yscale="0.79" offset="0" rotation="0"/><component id="ID2860" type="facedecoration" component_id="043" theme_id="family" x="63" y="-71" xscale="1" yscale="1" offset="0" rotation="-82"/><component id="ID5081" type="facedecoration" component_id="072" theme_id="family" x="-18" y="-21" xscale="2.28" yscale="2.28" offset="0" rotation="0"/><component id="ID5996" type="facedecoration" component_id="045" theme_id="family" x="19" y="78" xscale="2.61" yscale="2.61" offset="0" rotation="0"/></cc_char>