<?xml version="1.0" encoding="utf-8"?><cc_char xscale='1' yscale='1' hxscale='1' hyscale='1' headdx='0' headdy='0'><color r="ccSkinColor">0xE2C294</color><color r="ccEyeLib">0xBD8764</color><color r="ccEyeIris">0x229188</color><color r="ccGlassesFrame">0xBE10B0</color><color r="ccGlassesLens">0x737373</color><color r="ccMouthLip">0xB7796A</color><color r="ccEyebrow">0xA97335</color><color r="ccBackMajor">0x000000</color><color r="ccBackMinor">0x000000</color><color r="ccHairMajor">0x05B292</color><color r="ccHairMinor">0x2D4DFF</color><color r="ccLowerMain">0x49F041</color><color r="ccLowerMinor">0x2D4DFF</color><color r="ccHandMain">0x2D4DFF</color><color r="ccUpperMain">0x83FF10</color><color r="ccUpperMinor">0x2D4DFF</color><component type="bodyshape" component_id="default" theme_id="cc2" x="0" y="0" xscale="1" yscale="1" offset="0" rotation="0"/><component type="freeaction" component_id="default" theme_id="cc2" x="0" y="0" xscale="1" yscale="1" offset="0" rotation="0"/><component type="eye" component_id="003" theme_id="cc2" x="0" y="-1" xscale="0.92" yscale="0.92" offset="-3" rotation="-1"/><component type="faceshape" component_id="001" theme_id="cc2" x="0" y="0" xscale="1" yscale="1" offset="0" rotation="0"/><component type="hair" component_id="2002" theme_id="cc2" x="0" y="0" xscale="1" yscale="1" offset="0" rotation="0"/><component type="mouth" component_id="2001" theme_id="cc2" x="2" y="-5" xscale="0.75" yscale="0.75" offset="0" rotation="0"/><component type="ear" component_id="004" theme_id="cc2" x="-6" y="3" xscale="0.9" yscale="0.9" offset="0" rotation="0"/><component type="eyebrow" component_id="005" theme_id="cc2" x="0" y="0" xscale="1" yscale="1" offset="0" rotation="0"/><component type="nose" component_id="010" theme_id="cc2" x="0" y="-4" xscale="0.9" yscale="0.9" offset="0" rotation="0"/><library type="GoLower" component_id="2006" theme_id="cc2"/><library type="GoHands" component_id="003" theme_id="cc2"/><library type="GoUpper" component_id="030" theme_id="cc2"/></cc_char>