<?xml version="1.0" encoding="utf-8"?><cc_char xscale='0.7' yscale='0.7' hxscale='1.5' hyscale='1.5' headdx='0' headdy='0'><color r="ccSkinColor">0xAAFFA9</color><color r="ccEyeLib">0x80DCE6</color><color r="ccEyeIris">0x7892C6</color><color r="ccGlassesFrame">0xBE10B0</color><color r="ccGlassesLens">0x737373</color><color r="ccMouthLip">0xB7796A</color><color r="ccEyebrow">0x421D0B</color><color r="ccBackMajor">0xDB4141</color><color r="ccDecMajor" targetComponent="ID5990">0x53A8DF</color><component type="bodyshape" component_id="default" theme_id="cc2" x="0" y="0" xscale="1" yscale="1" offset="0" rotation="0"/><component type="freeaction" component_id="default" theme_id="cc2" x="0" y="0" xscale="1" yscale="1" offset="0" rotation="0"/><component type="faceshape" component_id="1001" theme_id="cc2" x="0" y="0" xscale="1" yscale="1" offset="0" rotation="0"/><component type="hair" component_id="1001" theme_id="cc2" x="0" y="-9" xscale="1" yscale="0.88" offset="0" rotation="8"/><component type="mouth" component_id="1005" theme_id="cc2" x="6" y="3" xscale="0.8" yscale="0.8" offset="0" rotation="-2"/><component type="eye" component_id="1001" theme_id="cc2" x="0" y="-6" xscale="1.22" yscale="1.22" offset="32" rotation="-82"/><component id="ID5990" type="facedecoration" component_id="070" theme_id="cc2" x="44" y="100" xscale="2.37" yscale="2.37" offset="0" rotation="5"/><component id="ID7445" type="facedecoration" component_id="032" theme_id="cc2" x="-24" y="-5" xscale="1.52" yscale="1.52" offset="0" rotation="0"/><component id="ID6190" type="facedecoration" component_id="032" theme_id="cc2" x="-45" y="-3" xscale="1.68" yscale="1.68" offset="0" rotation="0"/><library type="GoHands" component_id="1001" theme_id="cc2"/><library type="GoBehindBody" component_id="020" theme_id="cc2"/><library type="GoLower" component_id="2010" theme_id="cc2"/><library type="GoUpper" component_id="1004" theme_id="cc2"/></cc_char>