<?xml version="1.0" encoding="utf-8"?><cc_char xscale='1' yscale='1' hxscale='1' hyscale='1' headdx='0' headdy='0'><color r="ccSkinColor" oc="0xFFE1C4">0xFFCE95</color><color r="ccEyeLib">0xFFCE95</color><color r="ccEyeIris">0x000000</color><color r="ccGlassesFrame">0xFFFFFF</color><color r="ccGlassesLens">0xD8E8E8</color><color r="ccMouthLip">0xCC6666</color><color r="ccMustache">0x663333</color><color r="ccBeard">0xC1BFB8</color><color r="ccEyebrow">0x000000</color><color r="ccHairMajor">0x666666</color><color r="ccHairMinor">0x8F1E1E</color><color r="ccUpperMain" oc="0x336699">0xE5D201</color><color r="ccUpperMinor" oc="0xE5E5E5">0xF31E1E</color><color r="ccLowerMain" oc="0xCCBC9A">0x1C00AD</color><color r="ccLowerMinor" oc="0xEEEEEE">0xDA0E00</color><component type="bodyshape" component_id="adam" theme_id="family" x="0" y="0" xscale="1" yscale="1" offset="0" rotation="0"/><component type="skeleton" component_id="adam_001" theme_id="family" x="0" y="0" xscale="1" yscale="1" offset="0" rotation="0"/><component type="faceshape" component_id="033" theme_id="family" x="3" y="1" xscale="1.17" yscale="1.36" offset="0" rotation="-4"/><component type="nose" component_id="002" theme_id="family" x="2" y="6" xscale="1.64" yscale="1.28" offset="0" rotation="7"/><component type="eyebrow" component_id="105" theme_id="family" x="0" y="-2" xscale="1.32" yscale="1" offset="-2" rotation="2"/><component type="mouth" component_id="201" theme_id="family" x="7" y="0" xscale="-2.12" yscale="-0.81" offset="0" rotation="-174"/><component type="ear" component_id="002" theme_id="family" x="4" y="-7" xscale="1" yscale="1.2" offset="0" rotation="0"/><component type="upper_body" component_id="adam_002" theme_id="family" x="0" y="0" xscale="1" yscale="1" offset="0" rotation="0"/><component type="lower_body" component_id="adam_007" theme_id="family" x="0" y="0" xscale="1" yscale="1" offset="0" rotation="0"/><component type="eye" component_id="009" theme_id="family" x="0" y="0" xscale="1.73" yscale="1.53" offset="0" rotation="4"/></cc_char>