<?xml version="1.0" encoding="utf-8"?><cc_char xscale='0.74' yscale='0.74' hxscale='1.49' hyscale='1.49' headdx='0' headdy='-6'><color r="ccSkinColor">0xE2C294</color><color r="ccEyeLib">0x1E447B</color><color r="ccEyeIris">0x988986</color><color r="ccGlassesFrame">0xBE10B0</color><color r="ccGlassesLens">0x737373</color><color r="ccMouthLip">0xB7796A</color><color r="ccEyebrow">0x151515</color><color r="ccUpperMain">0x2F2F2F</color><color r="ccUpperMinor">0xFF6600</color><color r="ccLowerMain">0x434B5F</color><color r="ccLowerMinor">0xE7CB0C</color><color r="ccHairMajor">0x321F1B</color><component type="bodyshape" component_id="default" theme_id="cc2" x="0" y="0" xscale="1" yscale="1" offset="0" rotation="0"/><component type="freeaction" component_id="default" theme_id="cc2" x="0" y="0" xscale="1" yscale="1" offset="0" rotation="0"/><component type="eyebrow" component_id="002" theme_id="cc2" x="0" y="4" xscale="1" yscale="1" offset="0" rotation="0"/><component type="ear" component_id="003" theme_id="cc2" x="-2" y="-7" xscale="1" yscale="1" offset="0" rotation="6"/><component type="faceshape" component_id="003" theme_id="cc2" x="0" y="0" xscale="0.96" yscale="0.85" offset="0" rotation="0"/><component type="hair" component_id="001" theme_id="cc2" x="0" y="0" xscale="1" yscale="1" offset="0" rotation="0"/><component type="eye" component_id="002" theme_id="cc2" x="0" y="5" xscale="1" yscale="1" offset="0" rotation="0"/><component type="nose" component_id="002" theme_id="cc2" x="7" y="9" xscale="1.36" yscale="1.47" offset="0" rotation="0"/><component type="mouth" component_id="007" theme_id="cc2" x="-2" y="3" xscale="0.79" yscale="0.71" offset="0" rotation="0"/><library type="GoUpper" component_id="019" theme_id="cc2"/><library type="GoLower" component_id="004" theme_id="cc2"/><library type="GoHands" component_id="003" theme_id="cc2"/></cc_char>