<?xml version="1.0" encoding="utf-8"?><cc_char xscale='1' yscale='1' hxscale='1' hyscale='1' headdx='0' headdy='0'><color r="ccSkinColor">0xE2C294</color><color r="ccEyeLib">0xBD8764</color><color r="ccEyeIris">0x003333</color><color r="ccGlassesFrame">0x000000</color><color r="ccGlassesLens">0x000000</color><color r="ccMouthLip">0xB7796A</color><color r="ccEyebrow">0x000000</color><color r="ccFaceHairColor">0x9AB03E</color><color r="ccBackMajor">0xFF0000</color><color r="ccDecMajor" targetComponent="ID7454">0xFF0000</color><color r="ccDecMajor" targetComponent="ID5236">0xBB2B48</color><component type="bodyshape" component_id="default" theme_id="cc2" x="0" y="0" xscale="1" yscale="1" offset="0" rotation="0"/><component type="freeaction" component_id="default" theme_id="cc2" x="0" y="0" xscale="1" yscale="1" offset="0" rotation="0"/><component type="hair" component_id="3001" theme_id="cc2" x="0" y="0" xscale="1" yscale="1" offset="0" rotation="0"/><component type="mouth" component_id="2003" theme_id="cc2" x="0" y="0" xscale="1" yscale="1" offset="0" rotation="0"/><component type="eye" component_id="1003" theme_id="cc2" x="0" y="0" xscale="1" yscale="1" offset="0" rotation="0"/><component type="eyebrow" component_id="006" theme_id="cc2" x="0" y="0" xscale="1" yscale="1" offset="4" rotation="0"/><component type="faceshape" component_id="3001" theme_id="cc2" x="0" y="0" xscale="1" yscale="1" offset="0" rotation="0"/><component type="ear" component_id="007" theme_id="cc2" x="0" y="0" xscale="1" yscale="1" offset="0" rotation="0"/><component type="nose" component_id="005" theme_id="cc2" x="0" y="0" xscale="1" yscale="1" offset="0" rotation="0"/><component type="glasses" component_id="002" theme_id="cc2" x="0" y="-2" xscale="0.86" yscale="0.86" offset="0" rotation="0"/><component id="ID7454" type="facedecoration" component_id="014" theme_id="cc2" x="0" y="0" xscale="1" yscale="1" offset="0" rotation="0"/><component id="ID5236" type="facedecoration" component_id="2002" theme_id="cc2" x="3" y="0" xscale="1" yscale="1" offset="0" rotation="-4"/><library type="GoHands" component_id="001" theme_id="cc2"/><library type="GoUpper" component_id="3006" theme_id="cc2"/><library type="GoLower" component_id="010" theme_id="cc2"/><library type="GoBehindBody" component_id="003" theme_id="cc2"/></cc_char>