<?xml version="1.0" encoding="utf-8"?><cc_char xscale='1' yscale='1' hxscale='1' hyscale='1' headdx='0' headdy='0'><color r="ccSkinColor">0xE8C797</color><color r="ccEyeLib">0xBD8764</color><color r="ccEyeIris">0x003333</color><color r="ccGlassesFrame">0xBE10B0</color><color r="ccGlassesLens">0x737373</color><color r="ccMouthLip">0x000000</color><color r="ccEyebrow">0x421D0B</color><color r="ccBackMajor">0x000000</color><color r="ccBackMinor">0x000000</color><color r="ccLowerMain">0x95B06D</color><color r="ccHairMajor">0x321F1B</color><color r="ccHairMinor">0x850085</color><color r="ccUpperMinor">0x4D525E</color><component type="bodyshape" component_id="default" theme_id="cc2" x="0" y="0" xscale="1" yscale="1" offset="0" rotation="0"/><component type="freeaction" component_id="default" theme_id="cc2" x="0" y="0" xscale="1" yscale="1" offset="0" rotation="0"/><component type="hair" component_id="025" theme_id="cc2" x="0" y="-3" xscale="1" yscale="1" offset="0" rotation="0"/><component type="ear" component_id="002" theme_id="cc2" x="-7" y="4" xscale="1" yscale="1" offset="0" rotation="0"/><component type="eye" component_id="019" theme_id="cc2" x="0" y="4" xscale="0.99" yscale="0.99" offset="0" rotation="0"/><component type="nose" component_id="011" theme_id="cc2" x="4" y="1" xscale="0.98" yscale="0.98" offset="0" rotation="0"/><component type="faceshape" component_id="007" theme_id="cc2" x="0" y="1" xscale="1" yscale="1" offset="0" rotation="0"/><component type="mouth" component_id="009" theme_id="cc2" x="0" y="4" xscale="1.22" yscale="1.22" offset="0" rotation="2"/><library type="GoUpper" component_id="115" theme_id="cc2"/><library type="GoLower" component_id="2010" theme_id="cc2"/><library type="GoHands" component_id="2002" theme_id="cc2"/></cc_char>