<cc_char file_name='ugc.char.C-1058-1588618488297.xml' scale='0.7' yscale='0.7' hxscale='1.5' hyscale='1.5' headdx='0' headdy='0'><color r="ccSkinColor">0xCCCCCC</color><color r="ccEyeLib">0xBD8764</color><color r="ccEyeIris">0x003333</color><color r="ccGlassesFrame">0xBE10B0</color><color r="ccGlassesLens">0x737373</color><color r="ccMouthLip">0xB7796A</color><color r="ccEyebrow">0x421D0B</color><color r="ccBackMajor">0x000000</color><color r="ccBackMinor">0x000000</color><component type="bodyshape" component_id="default" theme_id="cc2" x="0" y="0" xscale="1" yscale="1" offset="0" rotation="0"/><component type="freeaction" component_id="default" theme_id="cc2" x="0" y="0" xscale="1" yscale="1" offset="0" rotation="0"/><component type="faceshape" component_id="1001" theme_id="cc2" x="0" y="0" xscale="1" yscale="1" offset="0" rotation="0"/><component type="eye" component_id="1001" theme_id="cc2" x="2" y="0" xscale="0.9" yscale="0.88" offset="33" rotation="0"/><component type="hair" component_id="1001" theme_id="cc2" x="0" y="-19" xscale="0.9" yscale="0.78" offset="0" rotation="8"/><component type="mouth" component_id="1001" theme_id="cc2" x="-6" y="-5" xscale="1.02" yscale="0.6" offset="0" rotation="4"/><library type="GoLower" component_id="1001" theme_id="cc2"/><library type="GoHands" component_id="1001" theme_id="cc2"/><library type="GoUpper" component_id="1001" theme_id="cc2"/></cc_char>