<?xml version="1.0" encoding="utf-8"?><cc_char xscale='1' yscale='1' hxscale='1' hyscale='1' headdx='0' headdy='0'><color r="ccSkinColor" oc="0xFFE1C4">0xFFCE95</color><color r="ccEyeLib">0xFFCE95</color><color r="ccEyeIris">0x000000</color><color r="ccGlassesFrame">0xFF0000</color><color r="ccGlassesLens">0xFF0000</color><color r="ccMouthLip">0xFF6666</color><color r="ccMustache">0x8B6F18</color><color r="ccBeard">0xC29B22</color><color r="ccEyebrow">0x000000</color><color r="ccUpperMain" oc="0x336699">0xCD1EF3</color><color r="ccUpperMinor" oc="0xE5E5E5">0xFFFFFF</color><color r="ccLowerMain" oc="0xCCBC9A">0xFFFFFF</color><color r="ccLowerMinor" oc="0xEEEEEE">0x000000</color><color r="ccDecMajor" targetComponent="ID3173">0xFFCE95</color><color r="ccDecMajor" targetComponent="ID3451">0xFFCE95</color><component type="bodyshape" component_id="eve" theme_id="family" x="0" y="0" xscale="1" yscale="1" offset="0" rotation="0"/><component type="skeleton" component_id="eve_001" theme_id="family" x="0" y="0" xscale="1" yscale="1" offset="0" rotation="0"/><component type="eye" component_id="102" theme_id="family" x="-1" y="6" xscale="0.74" yscale="0.8" offset="0" rotation="0"/><component type="mouth" component_id="201" theme_id="family" x="0" y="1" xscale="0.9" yscale="0.9" offset="0" rotation="0"/><component type="nose" component_id="025" theme_id="family" x="0" y="4" xscale="0.9" yscale="0.9" offset="0" rotation="0"/><component type="hair" component_id="029" theme_id="family" x="-1" y="3" xscale="0.95" yscale="0.95" offset="0" rotation="0"/><component type="faceshape" component_id="002" theme_id="family" x="0" y="1" xscale="0.94" yscale="0.9" offset="0" rotation="0"/><component type="upper_body" component_id="eve_006" theme_id="family" x="0" y="0" xscale="0.9" yscale="0.9" offset="0" rotation="0"/><component type="eyebrow" component_id="103" theme_id="family" x="0" y="7" xscale="0.9" yscale="0.9" offset="0" rotation="0"/><component type="lower_body" component_id="eve_004" theme_id="family" x="0" y="0" xscale="0.9" yscale="0.9" offset="0" rotation="0"/><component id="ID3173" type="facedecoration" component_id="072" theme_id="family" x="15" y="-63" xscale="1.79" yscale="1.79" offset="0" rotation="85"/><component id="ID3451" type="facedecoration" component_id="072" theme_id="family" x="-7" y="-63" xscale="1.76" yscale="1.76" offset="0" rotation="85"/><component id="ID7867" type="facedecoration" component_id="072" theme_id="family" x="-7" y="-63" xscale="1.18" yscale="1.18" offset="0" rotation="85"/><component id="ID7828" type="facedecoration" component_id="072" theme_id="family" x="15" y="-63" xscale="1.13" yscale="1.13" offset="0" rotation="90"/></cc_char>