<?xml version="1.0" encoding="utf-8"?><cc_char xscale='0.7' yscale='0.7' hxscale='1.5' hyscale='1.5' headdx='0' headdy='0'><color r="ccSkinColor">0xFFCC33</color><color r="ccEyeLib">0xBD8764</color><color r="ccEyeIris">0x003333</color><color r="ccGlassesFrame">0xBE10B0</color><color r="ccGlassesLens">0x737373</color><color r="ccMouthLip">0xB7796A</color><color r="ccEyebrow">0x421D0B</color><color r="ccBackMajor">0x000000</color><color r="ccBackMinor">0x000000</color><component type="bodyshape" component_id="default" theme_id="cc2" x="0" y="0" xscale="1" yscale="1" offset="0" rotation="0"/><component type="freeaction" component_id="default" theme_id="cc2" x="0" y="0" xscale="1" yscale="1" offset="0" rotation="0"/><component type="hair" component_id="1005" theme_id="cc2" x="1" y="-1" xscale="1.08" yscale="1" offset="0" rotation="7"/><component type="faceshape" component_id="1003" theme_id="cc2" x="0" y="0" xscale="1" yscale="1" offset="0" rotation="0"/><component type="eye" component_id="1002" theme_id="cc2" x="-2" y="6" xscale="1.43" yscale="1.36" offset="18" rotation="0"/><component type="nose" component_id="1003" theme_id="cc2" x="-1" y="7" xscale="0.77" yscale="0.81" offset="0" rotation="0"/><component type="mouth" component_id="1004" theme_id="cc2" x="-13" y="6" xscale="0.57" yscale="0.46" offset="0" rotation="0"/><library type="GoUpper" component_id="1009" theme_id="cc2"/><library type="GoLower" component_id="1003" theme_id="cc2"/><library type="GoHands" component_id="1001" theme_id="cc2"/></cc_char>