<?xml version="1.0" encoding="utf-8"?><cc_char xscale='1' yscale='1' hxscale='1' hyscale='1' headdx='0' headdy='0'><color r="ccSkinColor" oc="0xFFE1C4">0xFFCE95</color><color r="ccEyeLib">0xFFA266</color><color r="ccEyeIris">0x000000</color><color r="ccGlassesFrame">0x666666</color><color r="ccGlassesLens">0x737373</color><color r="ccMouthLip">0x581289</color><color r="ccMustache">0x663300</color><color r="ccBeard">0x360202</color><color r="ccEyebrow">0x663300</color><color r="ccHairMajor">0x663300</color><color r="ccHairMinor">0xCC0000</color><color r="ccUpperMain" oc="0x336699">0xCC0000</color><color r="ccUpperMinor" oc="0xE5E5E5">0xCC0000</color><color r="ccLowerMain" oc="0xCCBC9A">0x0B3573</color><color r="ccLowerMinor" oc="0xEEEEEE">0x663300</color><component type="bodyshape" component_id="adam" theme_id="family" x="0" y="0" xscale="1" yscale="1" offset="0" rotation="0"/><component type="skeleton" component_id="adam_001" theme_id="family" x="0" y="0" xscale="1" yscale="1" offset="0" rotation="0"/><component type="lower_body" component_id="adam_001" theme_id="family" x="0" y="0" xscale="1" yscale="1" offset="0" rotation="0"/><component type="faceshape" component_id="033" theme_id="family" x="-3" y="1" xscale="1.1" yscale="1.03" offset="0" rotation="13"/><component type="hair" component_id="043" theme_id="family" x="-8" y="-1" xscale="1.23" yscale="1" offset="0" rotation="11"/><component type="eye" component_id="006" theme_id="family" x="0" y="-8" xscale="1.81" yscale="3.88" offset="-4" rotation="1"/><component type="nose" component_id="002" theme_id="family" x="-27" y="33" xscale="2.24" yscale="2.29" offset="0" rotation="36"/><component type="mustache" component_id="011" theme_id="family" x="0" y="3" xscale="1" yscale="1.29" offset="0" rotation="0"/><component type="ear" component_id="002" theme_id="family" x="-16" y="15" xscale="1.55" yscale="1.91" offset="0" rotation="10"/><component type="mouth" component_id="001" theme_id="family" x="0" y="-4" xscale="1" yscale="1" offset="0" rotation="-5"/><component type="upper_body" component_id="adam_002" theme_id="family" x="0" y="0" xscale="1" yscale="1" offset="0" rotation="0"/><component type="eyebrow" component_id="002" theme_id="family" x="0" y="-4" xscale="1.1" yscale="1.53" offset="0" rotation="0"/></cc_char>