<?xml version="1.0" encoding="utf-8"?><cc_char xscale='1' yscale='1' hxscale='1' hyscale='1' headdx='0' headdy='0'><color r="ccSkinColor" oc="0xFFE1C4">0xFFCE95</color><color r="ccEyeLib">0xFFCE95</color><color r="ccEyeIris">0x000000</color><color r="ccGlassesFrame">0xBE10B0</color><color r="ccGlassesLens">0x737373</color><color r="ccMouthLip">0x891258</color><color r="ccMustache">0x000000</color><color r="ccBeard">0xFFFFFF</color><color r="ccEyebrow">0xC5C5C5</color><color r="ccUpperMain" oc="0x336699">0x658BBD</color><color r="ccUpperMinor" oc="0xE5E5E5">0xFFFFFF</color><color r="ccLowerMain" oc="0xCCBC9A">0x343333</color><color r="ccLowerMinor" oc="0xEEEEEE">0x3F2B0F</color><color r="ccHairMajor">0xC5C5C5</color><color r="ccDecMajor" targetComponent="ID5710">0xFFFFFF</color><component type="bodyshape" component_id="adam" theme_id="family" x="0" y="0" xscale="1" yscale="1" offset="0" rotation="0"/><component type="skeleton" component_id="adam_001" theme_id="family" x="0" y="0" xscale="1" yscale="1" offset="0" rotation="0"/><component type="eyebrow" component_id="003" theme_id="family" x="-1" y="4" xscale="1" yscale="1" offset="-2" rotation="0"/><component type="eye" component_id="204" theme_id="family" x="0" y="0" xscale="0.7" yscale="0.7" offset="0" rotation="0"/><component type="mouth" component_id="201" theme_id="family" x="-1" y="-3" xscale="0.99" yscale="0.99" offset="0" rotation="0"/><component type="faceshape" component_id="032" theme_id="family" x="0" y="0" xscale="1" yscale="1" offset="0" rotation="0"/><component type="mustache" component_id="009" theme_id="family" x="0" y="0" xscale="1" yscale="1" offset="0" rotation="0"/><component id="ID9980" type="facedecoration" component_id="005" theme_id="family" x="1" y="-6" xscale="1" yscale="1" offset="0" rotation="0"/><component id="ID759" type="facedecoration" component_id="005" theme_id="family" x="5" y="-30" xscale="1" yscale="1" offset="0" rotation="-80"/><component id="ID4514" type="facedecoration" component_id="005" theme_id="family" x="-29" y="-31" xscale="1" yscale="1" offset="0" rotation="91"/><component id="ID2333" type="facedecoration" component_id="005" theme_id="family" x="-14" y="-60" xscale="1" yscale="1" offset="0" rotation="-160"/><component type="ear" component_id="003" theme_id="family" x="1" y="-2" xscale="1" yscale="1" offset="0" rotation="0"/><component type="hair" component_id="001" theme_id="family" x="-1" y="0" xscale="1" yscale="1" offset="0" rotation="0"/><component id="ID5710" type="facedecoration" component_id="007" theme_id="family" x="-13" y="-78" xscale="1.42" yscale="1.42" offset="0" rotation="90"/><component type="nose" component_id="007" theme_id="family" x="-3" y="-4" xscale="0.78" yscale="0.78" offset="0" rotation="0"/><component type="upper_body" component_id="adam_007" theme_id="family" x="0" y="0" xscale="1" yscale="1" offset="0" rotation="0"/><component type="lower_body" component_id="adam_001" theme_id="family" x="0" y="0" xscale="1" yscale="1" offset="0" rotation="0"/></cc_char>