<?xml version="1.0" encoding="utf-8"?><cc_char xscale='1' yscale='1' hxscale='1' hyscale='1' headdx='0' headdy='0'><color r="ccSkinColor" oc="0xFFE1C4">0xFFB97C</color><color r="ccEyeLib">0xFBD999</color><color r="ccEyeIris">0x000000</color><color r="ccGlassesFrame">0x000000</color><color r="ccGlassesLens">0x846116</color><color r="ccMouthLip">0xCA8730</color><color r="ccMustache">0x360202</color><color r="ccBeard">0x37380A</color><color r="ccEyebrow">0x37380A</color><color r="ccUpperMain" oc="0x336699">0x0B3573</color><color r="ccUpperMinor" oc="0xE5E5E5">0x700000</color><color r="ccLowerMain" oc="0xCCBC9A">0x0B3573</color><color r="ccLowerMinor" oc="0xEEEEEE">0x116BA4</color><color r="ccHairMajor">0xB20000</color><component type="bodyshape" component_id="bob" theme_id="family" x="0" y="0" xscale="1" yscale="1" offset="0" rotation="0"/><component type="skeleton" component_id="bob_001" theme_id="family" x="0" y="0" xscale="1" yscale="1" offset="0" rotation="0"/><component type="lower_body" component_id="bob_001" theme_id="family" x="0" y="0" xscale="1" yscale="1" offset="0" rotation="0"/><component type="ear" component_id="006" theme_id="family" x="0" y="0" xscale="1" yscale="1" offset="0" rotation="0"/><component type="mouth" component_id="001" theme_id="family" x="0" y="0" xscale="1" yscale="1" offset="0" rotation="0"/><component type="nose" component_id="003" theme_id="family" x="0" y="0" xscale="1" yscale="1" offset="0" rotation="0"/><component type="eye" component_id="001" theme_id="family" x="0" y="0" xscale="1" yscale="1" offset="0" rotation="0"/><component type="faceshape" component_id="001" theme_id="family" x="0" y="0" xscale="1" yscale="1" offset="0" rotation="0"/><component type="hair" component_id="013" theme_id="family" x="0" y="0" xscale="1" yscale="1" offset="0" rotation="0"/><component type="beard" component_id="002" theme_id="family" x="0" y="-3" xscale="1" yscale="1" offset="0" rotation="0"/><component type="eyebrow" component_id="002" theme_id="family" x="0" y="0" xscale="1" yscale="1" offset="0" rotation="0"/><component type="upper_body" component_id="bob_003" theme_id="family" x="0" y="0" xscale="1" yscale="1" offset="0" rotation="0"/><component id="ID2432" type="facedecoration" component_id="059" theme_id="family" x="0" y="0" xscale="1" yscale="1" offset="0" rotation="0"/></cc_char>