<cc_char file_name='ugc.char.C-2540-1582454033543.xml' xscale="0.7" yscale="0.7" hxscale="1.5" hyscale="1.5" headdx="0" headdy="0" version="2.0"><color r="ccSkinColor">0xEBC9AF</color><color r="ccEyeLib">0xBD8764</color><color r="ccEyeIris">0x003333</color><color r="ccGlassesFrame">0xBE10B0</color><color r="ccGlassesLens">0x737373</color><color r="ccMouthLip">0xB7796A</color><color r="ccEyebrow">0x421D0B</color><color r="ccBackMajor">0x000000</color><color r="ccBackMinor">0x000000</color><color r="ccLowerMain">0x000000</color><component type="bodyshape" component_id="default" theme_id="cc2" x="0" y="0" xscale="1" yscale="1" offset="0" rotation="0" gobucks="0" gopoints="0"/><component type="freeaction" component_id="default" theme_id="cc2" x="0" y="0" xscale="1" yscale="1" offset="0" rotation="0" gobucks="0" gopoints="0"/><component type="mouth" component_id="1001" theme_id="cc2" x="-2" y="-5" xscale="1.02" yscale="0.6" offset="0" rotation="4" gobucks="0" gopoints="0"/><component type="hair" component_id="1001" theme_id="cc2" x="0" y="-19" xscale="0.9" yscale="0.78" offset="0" rotation="8" gobucks="0" gopoints="0"/><component type="faceshape" component_id="1003" theme_id="cc2" x="0" y="0" xscale="1" yscale="1" offset="0" rotation="0" gobucks="0" gopoints="0"/><component type="eye" component_id="1001" theme_id="cc2" x="-1" y="-8" xscale="1" yscale="1" offset="6" rotation="0" gobucks="0" gopoints="0"/><component type="nose" component_id="1003" theme_id="cc2" x="7" y="0" xscale="1" yscale="1" offset="0" rotation="0" gobucks="0" gopoints="0"/><library type="GoHands" component_id="1001" theme_id="cc2" gobucks="0" gopoints="0"/><library type="GoUpper" component_id="1009" theme_id="cc2" gobucks="0" gopoints="0"/><library type="GoLower" component_id="2003" theme_id="cc2" gobucks="0" gopoints="0"/></cc_char>