<?xml version="1.0" encoding="utf-8"?><cc_char xscale='1' yscale='1' hxscale='1' hyscale='1' headdx='0' headdy='0'><color r="ccSkinColor" oc="0xFFE1C4">0xEFB1A7</color><color r="ccEyeLib">0xEFB1A7</color><color r="ccEyeIris">0x604E48</color><color r="ccGlassesFrame">0xBE10B0</color><color r="ccGlassesLens">0x737373</color><color r="ccMouthLip">0x891258</color><color r="ccMustache">0x000000</color><color r="ccBeard">0xC5C4CE</color><color r="ccEyebrow">0xC5C4CE</color><color r="ccUpperMain" oc="0x336699">0x0F1465</color><color r="ccUpperMinor" oc="0xE5E5E5">0xFFFFFF</color><color r="ccLowerMain" oc="0xCCBC9A">0x3C322F</color><color r="ccLowerMinor" oc="0xEEEEEE">0x121116</color><color r="ccHairMajor">0xC5C4CE</color><color r="ccDecMajor" targetComponent="ID220">0xC31808</color><component type="bodyshape" component_id="adam" theme_id="family" x="0" y="0" xscale="1" yscale="1" offset="0" rotation="0"/><component type="skeleton" component_id="adam_001" theme_id="family" x="0" y="0" xscale="1" yscale="1" offset="0" rotation="0"/><component type="faceshape" component_id="001" theme_id="family" x="0" y="0" xscale="1" yscale="1" offset="0" rotation="0"/><component type="eyebrow" component_id="003" theme_id="family" x="0" y="-2" xscale="1" yscale="1" offset="0" rotation="-6"/><component type="mouth" component_id="201" theme_id="family" x="0" y="0" xscale="1" yscale="1" offset="0" rotation="0"/><component type="lower_body" component_id="adam_a006" theme_id="family" x="0" y="0" xscale="1" yscale="1" offset="0" rotation="0"/><component type="beard" component_id="007" theme_id="family" x="0" y="0" xscale="1" yscale="1" offset="0" rotation="0"/><component type="hair" component_id="026" theme_id="family" x="-1" y="1" xscale="0.93" yscale="0.93" offset="0" rotation="3"/><component id="ID220" type="facedecoration" component_id="024" theme_id="family" x="0" y="0" xscale="1" yscale="1" offset="0" rotation="0"/><component type="ear" component_id="009" theme_id="family" x="1" y="7" xscale="1.16" yscale="1.16" offset="0" rotation="-2"/><component type="eye" component_id="001" theme_id="family" x="0" y="0" xscale="1" yscale="1" offset="0" rotation="0"/><component type="upper_body" component_id="adam_a008" theme_id="family" x="0" y="0" xscale="1" yscale="1" offset="0" rotation="0"/><component type="nose" component_id="002" theme_id="family" x="6" y="16" xscale="1.69" yscale="1.69" offset="0" rotation="0"/><component id="ID1507" type="facedecoration" component_id="069" theme_id="family" x="85" y="-52" xscale="0.6" yscale="0.6" offset="0" rotation="-14"/><component id="ID1473" type="facedecoration" component_id="069" theme_id="family" x="100" y="-57" xscale="0.59" yscale="0.59" offset="0" rotation="-107"/><component id="ID1060" type="facedecoration" component_id="069" theme_id="family" x="87" y="-70" xscale="0.53" yscale="0.53" offset="0" rotation="121"/><component id="ID1091" type="facedecoration" component_id="001" theme_id="family" x="-4" y="52" xscale="6.4" yscale="6.4" offset="0" rotation="0"/><component id="ID4599" type="facedecoration" component_id="032" theme_id="family" x="11" y="-56" xscale="1.3" yscale="1.3" offset="0" rotation="1"/><component id="ID8277" type="facedecoration" component_id="069" theme_id="family" x="30" y="-68" xscale="0.41" yscale="0.41" offset="0" rotation="-28"/><component id="ID6016" type="facedecoration" component_id="069" theme_id="family" x="6" y="-56" xscale="0.85" yscale="0.85" offset="0" rotation="-19"/><component id="ID6865" type="facedecoration" component_id="069" theme_id="family" x="23" y="-60" xscale="0.83" yscale="0.83" offset="0" rotation="-91"/><component id="ID8964" type="facedecoration" component_id="069" theme_id="family" x="-6" y="-57" xscale="0.89" yscale="0.89" offset="0" rotation="-53"/><component id="ID7084" type="facedecoration" component_id="069" theme_id="family" x="-35" y="-86" xscale="0.79" yscale="0.79" offset="0" rotation="29"/><component id="ID6576" type="facedecoration" component_id="069" theme_id="family" x="-37" y="-73" xscale="0.8" yscale="0.8" offset="0" rotation="35"/><component id="ID895" type="facedecoration" component_id="069" theme_id="family" x="-23" y="-80" xscale="0.5" yscale="0.5" offset="0" rotation="31"/><component id="ID9716" type="facedecoration" component_id="005" theme_id="family" x="54" y="47" xscale="3.73" yscale="3.73" offset="0" rotation="49"/><component id="ID6562" type="facedecoration" component_id="046" theme_id="family" x="50" y="-66" xscale="2.06" yscale="2.06" offset="0" rotation="58"/><component id="ID6317" type="facedecoration" component_id="046" theme_id="family" x="44" y="-34" xscale="1.97" yscale="1.97" offset="0" rotation="41"/><component id="ID9541" type="facedecoration" component_id="069" theme_id="family" x="85" y="4" xscale="1.17" yscale="1.17" offset="0" rotation="-53"/><component id="ID8650" type="facedecoration" component_id="069" theme_id="family" x="46" y="-5" xscale="1" yscale="1" offset="0" rotation="21"/><component id="ID1185" type="facedecoration" component_id="069" theme_id="family" x="42" y="-25" xscale="1.24" yscale="1.24" offset="0" rotation="21"/><component id="ID1610" type="facedecoration" component_id="069" theme_id="family" x="51" y="-18" xscale="0.89" yscale="0.89" offset="0" rotation="24"/><component id="ID5873" type="facedecoration" component_id="069" theme_id="family" x="11" y="-9" xscale="0.99" yscale="0.99" offset="0" rotation="28"/><component id="ID6349" type="facedecoration" component_id="069" theme_id="family" x="20" y="-20" xscale="0.81" yscale="0.81" offset="0" rotation="26"/><component id="ID6655" type="facedecoration" component_id="069" theme_id="family" x="16" y="-32" xscale="1" yscale="1" offset="0" rotation="29"/><component id="ID3882" type="facedecoration" component_id="069" theme_id="family" x="48" y="10" xscale="1.36" yscale="1.36" offset="0" rotation="-50"/><component id="ID6861" type="facedecoration" component_id="046" theme_id="family" x="85" y="-82" xscale="3.08" yscale="3.08" offset="0" rotation="170"/><component id="ID8584" type="facedecoration" component_id="002" theme_id="family" x="27" y="8" xscale="5.17" yscale="5.17" offset="0" rotation="47"/><component id="ID3852" type="facedecoration" component_id="046" theme_id="family" x="100" y="-51" xscale="2.24" yscale="2.24" offset="0" rotation="138"/><component id="ID5019" type="facedecoration" component_id="001" theme_id="family" x="-7" y="100" xscale="5.22" yscale="5.22" offset="0" rotation="0"/><component id="ID4225" type="facedecoration" component_id="046" theme_id="family" x="67" y="-36" xscale="1.87" yscale="1.87" offset="0" rotation="160"/><component id="ID9652" type="facedecoration" component_id="046" theme_id="family" x="64" y="-29" xscale="1.86" yscale="1.86" offset="0" rotation="169"/><component id="ID4683" type="facedecoration" component_id="069" theme_id="family" x="-22" y="-2" xscale="0.73" yscale="0.73" offset="0" rotation="35"/><component id="ID4719" type="facedecoration" component_id="069" theme_id="family" x="4" y="27" xscale="0.79" yscale="0.79" offset="0" rotation="-51"/><component id="ID9322" type="facedecoration" component_id="069" theme_id="family" x="-17" y="6" xscale="0.62" yscale="0.62" offset="0" rotation="35"/><component id="ID5781" type="facedecoration" component_id="069" theme_id="family" x="-27" y="13" xscale="0.77" yscale="0.77" offset="0" rotation="37"/><component id="ID7949" type="facedecoration" component_id="005" theme_id="family" x="-74" y="60" xscale="3.21" yscale="3.21" offset="0" rotation="55"/><component id="ID8355" type="facedecoration" component_id="046" theme_id="family" x="-100" y="-70" xscale="3.28" yscale="3.28" offset="0" rotation="73"/></cc_char>