<?xml version="1.0" encoding="utf-8"?><cc_char xscale='0.7' yscale='0.7' hxscale='1.5' hyscale='1.5' headdx='2' headdy='-2'><color r="ccSkinColor">0xDEAC3B</color><color r="ccEyeLib">0xBD8764</color><color r="ccEyeIris">0x003333</color><color r="ccGlassesFrame">0xBE10B0</color><color r="ccGlassesLens">0x737373</color><color r="ccMouthLip">0xB7796A</color><color r="ccEyebrow">0x421D0B</color><color r="ccBackMajor">0x000000</color><color r="ccBackMinor">0x000000</color><color r="ccDecMajor" targetComponent="ID5574">0x996600</color><component type="bodyshape" component_id="default" theme_id="cc2" x="0" y="0" xscale="1" yscale="1" offset="0" rotation="0"/><component type="freeaction" component_id="default" theme_id="cc2" x="0" y="0" xscale="1" yscale="1" offset="0" rotation="0"/><component type="mouth" component_id="1001" theme_id="cc2" x="-9" y="-6" xscale="0.9" yscale="0.41" offset="0" rotation="0"/><component type="hair" component_id="1008" theme_id="cc2" x="0" y="0" xscale="1" yscale="1" offset="0" rotation="0"/><component type="faceshape" component_id="1002" theme_id="cc2" x="0" y="3" xscale="1.04" yscale="1.04" offset="0" rotation="0"/><component type="eye" component_id="1003" theme_id="cc2" x="0" y="-3" xscale="1" yscale="1" offset="27" rotation="-2"/><component id="ID6022" type="facedecoration" component_id="008" theme_id="cc2" x="26" y="-11" xscale="1" yscale="1" offset="0" rotation="0"/><component id="ID5574" type="facedecoration" component_id="022" theme_id="cc2" x="-52" y="-38" xscale="-0.79" yscale="1" offset="0" rotation="67"/><component type="nose" component_id="1004" theme_id="cc2" x="5" y="7" xscale="1" yscale="1" offset="0" rotation="0"/><library type="GoHands" component_id="1001" theme_id="cc2"/><library type="GoUpper" component_id="1011" theme_id="cc2"/><library type="GoLower" component_id="1002" theme_id="cc2"/></cc_char>