<?xml version="1.0" encoding="utf-8"?><cc_char xscale='0.74' yscale='0.74' hxscale='1.49' hyscale='1.49' headdx='0' headdy='-5'><color r="ccSkinColor">0xE2C294</color><color r="ccEyeLib">0xE2C294</color><color r="ccEyeIris">0xE2C294</color><color r="ccGlassesFrame">0xBE10B0</color><color r="ccGlassesLens">0x737373</color><color r="ccMouthLip">0xB7796A</color><color r="ccEyebrow">0x7B011A</color><color r="ccBackMajor">0x000000</color><color r="ccBackMinor">0x000000</color><color r="ccLowerMain">0xB72A55</color><color r="ccHairMajor">0x7E4D1B</color><color r="ccUpperMain">0xFAFF00</color><color r="ccFaceHairColor">0x321F1B</color><color r="ccLowerMinor">0x054CFF</color><component type="bodyshape" component_id="default" theme_id="cc2" x="0" y="0" xscale="1" yscale="1" offset="0" rotation="0"/><component type="freeaction" component_id="default" theme_id="cc2" x="0" y="0" xscale="1" yscale="1" offset="0" rotation="0"/><component type="eye" component_id="2004" theme_id="cc2" x="2" y="1" xscale="0.79" yscale="0.79" offset="1" rotation="0"/><component type="nose" component_id="002" theme_id="cc2" x="9" y="-4" xscale="1" yscale="1" offset="0" rotation="0"/><component type="eyebrow" component_id="001" theme_id="cc2" x="2" y="-1" xscale="1" yscale="1" offset="-1" rotation="-4"/><component type="ear" component_id="003" theme_id="cc2" x="0" y="0" xscale="1" yscale="1" offset="0" rotation="0"/><component type="mouth" component_id="2005" theme_id="cc2" x="0" y="-2" xscale="1" yscale="1" offset="0" rotation="0"/><component type="faceshape" component_id="2008" theme_id="cc2" x="0" y="0" xscale="1" yscale="1" offset="0" rotation="0"/><library type="GoLower" component_id="001" theme_id="cc2"/><library type="GoUpper" component_id="2012" theme_id="cc2"/><library type="GoHands" component_id="002" theme_id="cc2"/></cc_char>