<?xml version="1.0" encoding="utf-8"?><cc_char xscale='1' yscale='1' hxscale='1' hyscale='1' headdx='0' headdy='0'><color r="ccSkinColor">0xE2C294</color><color r="ccEyeLib">0xBD8764</color><color r="ccEyeIris">0x7892C6</color><color r="ccGlassesFrame">0xBE10B0</color><color r="ccGlassesLens">0x737373</color><color r="ccMouthLip">0xB7796A</color><color r="ccEyebrow">0x5B88B5</color><color r="ccHandMain">0x5B88B5</color><color r="ccLowerMain">0x5B88B5</color><color r="ccLowerMinor">0xA33232</color><color r="ccUpperMain">0x5B88B5</color><color r="ccUpperMinor">0x515151</color><color r="ccBackMajor">0x515151</color><color r="ccDecMajor" targetComponent="ID2515">0xFF0101</color><color r="ccHairMajor">0x5B88B5</color><component type="bodyshape" component_id="default" theme_id="cc2" x="0" y="0" xscale="1" yscale="1" offset="0" rotation="0"/><component type="freeaction" component_id="default" theme_id="cc2" x="0" y="0" xscale="1" yscale="1" offset="0" rotation="0"/><component type="eye" component_id="002" theme_id="cc2" x="0" y="-2" xscale="1" yscale="0.87" offset="-1" rotation="0"/><component type="mouth" component_id="008" theme_id="cc2" x="0" y="-1" xscale="1" yscale="1" offset="0" rotation="0"/><component type="faceshape" component_id="007" theme_id="cc2" x="2" y="-1" xscale="1" yscale="1" offset="0" rotation="-4"/><component type="nose" component_id="005" theme_id="cc2" x="-1" y="-1" xscale="1" yscale="1" offset="0" rotation="0"/><component type="ear" component_id="003" theme_id="cc2" x="0" y="0" xscale="1" yscale="1" offset="0" rotation="0"/><component id="ID2515" type="facedecoration" component_id="025" theme_id="cc2" x="-1" y="-4" xscale="1" yscale="1" offset="0" rotation="0"/><component type="hair" component_id="001" theme_id="cc2" x="0" y="0" xscale="1" yscale="1" offset="0" rotation="0"/><component type="eyebrow" component_id="005" theme_id="cc2" x="-1" y="-3" xscale="1" yscale="1" offset="0" rotation="0"/><library type="GoHands" component_id="012" theme_id="cc2"/><library type="GoLower" component_id="003" theme_id="cc2"/><library type="GoUpper" component_id="303" theme_id="cc2"/><library type="GoBehindBody" component_id="020" theme_id="cc2"/></cc_char>