<?xml version="1.0" encoding="utf-8"?><cc_char xscale='1' yscale='1' hxscale='1' hyscale='1' headdx='0' headdy='0'><color r="ccSkinColor">0xE2C294</color><color r="ccEyeLib">0xBD8764</color><color r="ccEyeIris">0x003333</color><color r="ccGlassesFrame">0x000000</color><color r="ccGlassesLens">0x737373</color><color r="ccMouthLip">0xB7796A</color><color r="ccEyebrow">0x000000</color><color r="ccBackMajor">0x000000</color><color r="ccBackMinor">0x000000</color><color r="ccLowerMain">0x00FF15</color><color r="ccLowerMinor">0x06FFE6</color><color r="ccHairMajor">0xE5C44E</color><color r="ccDecMajor" targetComponent="ID9747">0x1CFF07</color><color r="ccUpperMain">0x0D08A5</color><color r="ccUpperMinor">0x03D734</color><component type="bodyshape" component_id="default" theme_id="cc2" x="0" y="0" xscale="1" yscale="1" offset="0" rotation="0"/><component type="freeaction" component_id="default" theme_id="cc2" x="0" y="0" xscale="1" yscale="1" offset="0" rotation="0"/><component type="ear" component_id="003" theme_id="cc2" x="-1" y="0" xscale="0.95" yscale="0.95" offset="0" rotation="0"/><component type="faceshape" component_id="005" theme_id="cc2" x="0" y="0" xscale="1" yscale="1" offset="0" rotation="0"/><component type="hair" component_id="043" theme_id="cc2" x="0" y="0" xscale="1" yscale="1" offset="0" rotation="0"/><component type="eye" component_id="1001" theme_id="cc2" x="1" y="0" xscale="-1.04" yscale="-1.14" offset="-2" rotation="179"/><component type="eyebrow" component_id="001" theme_id="cc2" x="0" y="-4" xscale="0.75" yscale="0.75" offset="8" rotation="-33"/><component type="nose" component_id="002" theme_id="cc2" x="0" y="-3" xscale="1" yscale="1" offset="0" rotation="0"/><component type="mouth" component_id="008" theme_id="cc2" x="0" y="0" xscale="0.84" yscale="0.84" offset="0" rotation="1"/><component type="glasses" component_id="009" theme_id="cc2" x="2" y="-5" xscale="0.78" yscale="0.78" offset="-1" rotation="-7"/><component id="ID9747" type="facedecoration" component_id="1005" theme_id="cc2" x="2" y="9" xscale="1.02" yscale="1.02" offset="0" rotation="0"/><library type="GoLower" component_id="2005" theme_id="cc2"/><library type="GoUpper" component_id="002" theme_id="cc2"/><library type="GoHands" component_id="001" theme_id="cc2"/></cc_char>