<?xml version="1.0" encoding="utf-8"?><cc_char xscale='0.97' yscale='0.97' hxscale='0.92' hyscale='0.92' headdx='0' headdy='3'><color r="ccSkinColor">0xCA946C</color><color r="ccEyeLib">0x5F3F29</color><color r="ccEyeIris">0x003366</color><color r="ccGlassesFrame">0xBE10B0</color><color r="ccGlassesLens">0x737373</color><color r="ccMouthLip">0x9A6C46</color><color r="ccEyebrow">0x321F1B</color><color r="ccBackMajor">0x000000</color><color r="ccBackMinor">0x000000</color><color r="ccUpperMain">0x333333</color><color r="ccUpperMinor">0x666600</color><color r="ccLowerMinor">0x666633</color><color r="ccHairMajor">0x7E4D1B</color><component type="bodyshape" component_id="default" theme_id="cc2" x="0" y="0" xscale="1" yscale="1" offset="0" rotation="0"/><component type="freeaction" component_id="default" theme_id="cc2" x="0" y="0" xscale="1" yscale="1" offset="0" rotation="0"/><component type="ear" component_id="003" theme_id="cc2" x="-5" y="-10" xscale="0.92" yscale="1" offset="0" rotation="6"/><component type="faceshape" component_id="001" theme_id="cc2" x="-3" y="-3" xscale="0.88" yscale="1" offset="0" rotation="3"/><component type="eye" component_id="019" theme_id="cc2" x="1" y="-3" xscale="1.12" yscale="0.86" offset="0" rotation="-5"/><component type="eyebrow" component_id="001" theme_id="cc2" x="0" y="-1" xscale="1" yscale="1" offset="0" rotation="5"/><component type="nose" component_id="005" theme_id="cc2" x="0" y="-6" xscale="1" yscale="1" offset="0" rotation="0"/><component type="mouth" component_id="009" theme_id="cc2" x="0" y="-4" xscale="1.03" yscale="0.96" offset="0" rotation="0"/><component type="hair" component_id="102" theme_id="cc2" x="2" y="-2" xscale="1" yscale="1.06" offset="0" rotation="-4"/><library type="GoUpper" component_id="080" theme_id="cc2"/><library type="GoLower" component_id="009" theme_id="cc2"/><library type="GoHands" component_id="002" theme_id="cc2"/></cc_char>