<?xml version="1.0" encoding="utf-8"?><cc_char xscale='1' yscale='1' hxscale='1' hyscale='1' headdx='0' headdy='0'><color r="ccSkinColor" oc="0xFFE1C4">0xFFCE95</color><color r="ccEyeLib">0xFEBD9D</color><color r="ccEyeIris">0x000000</color><color r="ccGlassesFrame">0x000000</color><color r="ccGlassesLens">0x846116</color><color r="ccMouthLip">0xCA8730</color><color r="ccMustache">0x360202</color><color r="ccBeard">0x360202</color><color r="ccEyebrow">0xC29B22</color><color r="ccUpperMain" oc="0x336699">0x006699</color><color r="ccUpperMinor" oc="0xE5E5E5">0xF39B1E</color><color r="ccLowerMain" oc="0xCCBC9A">0xCC9966</color><color r="ccLowerMinor" oc="0xEEEEEE">0x993300</color><color r="ccHairMajor">0xFFCC33</color><component type="bodyshape" component_id="bob" theme_id="family" x="0" y="0" xscale="1" yscale="1" offset="0" rotation="0"/><component type="skeleton" component_id="bob_001" theme_id="family" x="0" y="0" xscale="1" yscale="1" offset="0" rotation="0"/><component type="ear" component_id="004" theme_id="family" x="0" y="0" xscale="1" yscale="1" offset="0" rotation="0"/><component type="upper_body" component_id="bob_013" theme_id="family" x="0" y="0" xscale="1" yscale="1" offset="0" rotation="0"/><component type="lower_body" component_id="bob_005" theme_id="family" x="0" y="0" xscale="1" yscale="1" offset="0" rotation="0"/><component type="hair" component_id="026" theme_id="family" x="-2" y="-8" xscale="1" yscale="0.87" offset="0" rotation="0"/><component type="eye" component_id="001" theme_id="family" x="0" y="0" xscale="1" yscale="1" offset="0" rotation="-2"/><component type="eyebrow" component_id="005" theme_id="family" x="0" y="0" xscale="1" yscale="1" offset="0" rotation="0"/><component type="nose" component_id="026" theme_id="family" x="-1" y="1" xscale="1" yscale="1" offset="0" rotation="0"/><component type="mouth" component_id="002" theme_id="family" x="-8" y="-4" xscale="1" yscale="1" offset="0" rotation="3"/><component type="glasses" component_id="012" theme_id="family" x="0" y="1" xscale="1" yscale="1" offset="0" rotation="0"/><component id="ID4989" type="facedecoration" component_id="013" theme_id="family" x="-13" y="10" xscale="0.85" yscale="0.34" offset="0" rotation="0"/><component type="faceshape" component_id="016" theme_id="family" x="-2" y="0" xscale="1" yscale="1" offset="0" rotation="0"/></cc_char>