<?xml version="1.0" encoding="utf-8"?><cc_char xscale='1' yscale='1' hxscale='1' hyscale='1' headdx='0' headdy='0'><color r="ccSkinColor">0xE2C294</color><color r="ccEyeLib">0xBD8764</color><color r="ccEyeIris">0x003333</color><color r="ccGlassesFrame">0xBE10B0</color><color r="ccGlassesLens">0x737373</color><color r="ccMouthLip">0xB7796A</color><color r="ccEyebrow">0x000000</color><color r="ccBackMajor">0x000000</color><color r="ccBackMinor">0x000000</color><color r="ccLowerMain">0x434B5F</color><color r="ccLowerMinor">0x333333</color><color r="ccUpperMain">0x0B1BA5</color><color r="ccUpperMinor">0x2F2F2F</color><component type="bodyshape" component_id="default" theme_id="cc2" x="0" y="0" xscale="1" yscale="1" offset="0" rotation="0"/><component type="freeaction" component_id="default" theme_id="cc2" x="0" y="0" xscale="1" yscale="1" offset="0" rotation="0"/><component type="hair" component_id="130" theme_id="cc2" x="0" y="0" xscale="1" yscale="1" offset="0" rotation="0"/><component type="mouth" component_id="006" theme_id="cc2" x="0" y="0" xscale="0.85" yscale="0.85" offset="0" rotation="-5"/><component type="nose" component_id="027" theme_id="cc2" x="0" y="0" xscale="1" yscale="1" offset="0" rotation="0"/><component type="ear" component_id="003" theme_id="cc2" x="-1" y="0" xscale="0.95" yscale="0.95" offset="0" rotation="0"/><component type="faceshape" component_id="002" theme_id="cc2" x="0" y="0" xscale="1" yscale="1" offset="0" rotation="0"/><component type="eye" component_id="007" theme_id="cc2" x="0" y="0" xscale="1" yscale="0.9" offset="0" rotation="0"/><component type="eyebrow" component_id="003" theme_id="cc2" x="0" y="0" xscale="1" yscale="1" offset="0" rotation="0"/><library type="GoLower" component_id="2003" theme_id="cc2"/><library type="GoUpper" component_id="190" theme_id="cc2"/><library type="GoHands" component_id="2001" theme_id="cc2"/></cc_char>