<?xml version="1.0" encoding="utf-8"?><cc_char xscale='1' yscale='1' hxscale='1' hyscale='1' headdx='0' headdy='0'><color r="ccSkinColor">0xE2C294</color><color r="ccEyeLib">0xBD8764</color><color r="ccEyeIris">0x003333</color><color r="ccGlassesFrame">0xBE10B0</color><color r="ccGlassesLens">0x737373</color><color r="ccMouthLip">0xB7796A</color><color r="ccEyebrow">0x421D0B</color><color r="ccBackMajor">0x000000</color><color r="ccBackMinor">0x000000</color><color r="ccLowerMain">0x2D2928</color><component type="bodyshape" component_id="default" theme_id="botdf" x="0" y="0" xscale="1" yscale="1" offset="0" rotation="0"/><component type="freeaction" component_id="default" theme_id="botdf" x="0" y="0" xscale="1" yscale="1" offset="0" rotation="0"/><component type="eyebrow" component_id="002" theme_id="botdf" x="-1" y="1" xscale="1" yscale="1" offset="0" rotation="0"/><component type="nose" component_id="007" theme_id="botdf" x="0" y="-4" xscale="1" yscale="1" offset="0" rotation="0"/><component type="mouth" component_id="008" theme_id="botdf" x="-2" y="-3" xscale="0.83" yscale="0.79" offset="0" rotation="0"/><component type="faceshape" component_id="3001" theme_id="botdf" x="-1" y="0" xscale="0.92" yscale="1" offset="0" rotation="0"/><component type="hair" component_id="3001" theme_id="botdf" x="1" y="7" xscale="0.97" yscale="1.08" offset="0" rotation="0"/><component type="ear" component_id="003" theme_id="botdf" x="-3" y="-7" xscale="1" yscale="1" offset="0" rotation="6"/><component type="eye" component_id="1001" theme_id="botdf" x="0" y="-1" xscale="0.92" yscale="0.76" offset="-3" rotation="0"/><library type="GoHands" component_id="001" theme_id="botdf"/><library type="GoLower" component_id="001" theme_id="botdf"/><library type="GoUpper" component_id="221" theme_id="botdf"/></cc_char>