<?xml version="1.0" encoding="utf-8"?><cc_char xscale='1' yscale='1' hxscale='1' hyscale='1' headdx='0' headdy='0'><color r="ccSkinColor" oc="0xFFE1C4">0xCA9050</color><color r="ccEyeLib">0xFD8E6D</color><color r="ccEyeIris">0x7D551C</color><color r="ccGlassesFrame">0xBE10B0</color><color r="ccGlassesLens">0xB7B7B7</color><color r="ccMouthLip">0xD9AA6D</color><color r="ccMustache">0x8B6F18</color><color r="ccBeard">0x000000</color><color r="ccEyebrow">0xC1BFB8</color><color r="ccHairMajor">0xDEAB10</color><color r="ccHairMinor">0x8F1E1E</color><color r="ccUpperMain" oc="0x336699">0x428247</color><color r="ccUpperMinor" oc="0xE5E5E5">0xF3F01E</color><color r="ccLowerMain" oc="0xCCBC9A">0x428247</color><color r="ccLowerMinor" oc="0xEEEEEE">0x7B6B15</color><component type="bodyshape" component_id="rocky" theme_id="family" x="0" y="0" xscale="1" yscale="1" offset="0" rotation="0"/><component type="skeleton" component_id="rocky_001" theme_id="family" x="0" y="0" xscale="1" yscale="1" offset="0" rotation="0"/><component type="upper_body" component_id="rocky_a006" theme_id="family" x="0" y="0" xscale="1" yscale="1" offset="0" rotation="0"/><component type="lower_body" component_id="rocky_001" theme_id="family" x="0" y="0" xscale="1" yscale="1" offset="0" rotation="0"/><component type="eye" component_id="202" theme_id="family" x="0" y="0" xscale="1" yscale="1" offset="0" rotation="0"/><component type="glasses" component_id="001" theme_id="family" x="0" y="0" xscale="1" yscale="1" offset="0" rotation="0"/><component type="ear" component_id="003" theme_id="family" x="0" y="0" xscale="1" yscale="1" offset="0" rotation="0"/><component type="mouth" component_id="101" theme_id="family" x="0" y="0" xscale="1" yscale="1" offset="0" rotation="0"/><component type="nose" component_id="020" theme_id="family" x="0" y="0" xscale="1" yscale="1" offset="0" rotation="0"/><component type="eyebrow" component_id="003" theme_id="family" x="0" y="0" xscale="1" yscale="1" offset="0" rotation="0"/><component type="faceshape" component_id="016" theme_id="family" x="0" y="0" xscale="1" yscale="1" offset="0" rotation="0"/><component type="hair" component_id="071" theme_id="family" x="0" y="0" xscale="1" yscale="1" offset="0" rotation="0"/></cc_char>