<?xml version="1.0" encoding="utf-8"?><cc_char xscale='1' yscale='1' hxscale='1' hyscale='1' headdx='0' headdy='0'><color r="ccSkinColor" oc="0xFFE1C4">0x966733</color><color r="ccEyeLib">0x663333</color><color r="ccEyeIris">0x000000</color><color r="ccGlassesFrame">0xFF0000</color><color r="ccGlassesLens">0xFF0000</color><color r="ccMouthLip">0x993333</color><color r="ccMustache">0x8B6F18</color><color r="ccBeard">0xC29B22</color><color r="ccEyebrow">0x000000</color><color r="ccUpperMain" oc="0x336699">0xFFFFFF</color><color r="ccUpperMinor" oc="0xE5E5E5">0xFF3334</color><color r="ccLowerMain" oc="0xCCBC9A">0xFF3334</color><color r="ccLowerMinor" oc="0xEEEEEE">0xFFFFFF</color><color r="ccHairMajor">0x252027</color><component type="bodyshape" component_id="eve" theme_id="family" x="0" y="0" xscale="1" yscale="1" offset="0" rotation="0"/><component type="skeleton" component_id="eve_001" theme_id="family" x="0" y="0" xscale="1" yscale="1" offset="0" rotation="0"/><component type="faceshape" component_id="034" theme_id="family" x="0" y="1" xscale="0.99" yscale="0.95" offset="0" rotation="0"/><component type="ear" component_id="007" theme_id="family" x="-2" y="0" xscale="0.9" yscale="0.9" offset="0" rotation="0"/><component type="lower_body" component_id="eve_010" theme_id="family" x="0" y="0" xscale="0.9" yscale="0.9" offset="0" rotation="0"/><component type="upper_body" component_id="eve_013" theme_id="family" x="0" y="0" xscale="0.9" yscale="0.9" offset="0" rotation="0"/><component type="hair" component_id="054" theme_id="family" x="0" y="0" xscale="0.9" yscale="0.9" offset="0" rotation="0"/><component type="nose" component_id="002" theme_id="family" x="-7" y="-6" xscale="0.68" yscale="0.72" offset="0" rotation="0"/><component type="eyebrow" component_id="001" theme_id="family" x="0" y="5" xscale="0.9" yscale="0.9" offset="0" rotation="0"/><component type="mouth" component_id="001" theme_id="family" x="-5" y="-5" xscale="0.6" yscale="0.75" offset="0" rotation="0"/><component type="eye" component_id="102" theme_id="family" x="0" y="4" xscale="0.9" yscale="0.9" offset="0" rotation="0"/></cc_char>